BroodID,wing.mother,wing.father,mean.wing.parent
1,16.2874370047189,17.5377958004613,16.9126164025901
2,15.6261765171825,14.709668838678,15.1679226779302
3,15.2826756665168,18.4228141856868,16.8527449261018
4,16.3743056937642,16.8606403891012,16.6174730414327
5,16.5141177201411,16.6234308338884,16.5687742770148
6,15.7607079521477,18.1197241149028,16.9402160335252
7,16.5431759998743,18.0700832028109,17.3066296013426
8,16.3485586043844,15.5933572891437,15.9709579467641
9,16.3976717440687,17.6723372249242,17.0350044844964
10,15.5799129924836,18.4844708944691,17.0321919434763
11,16.122451914261,18.1175754562368,17.1200136852489
12,15.7696517765083,16.7387697310008,16.2542107537545
13,15.8163086593335,19.5293309224996,17.6728197909165
14,16.7258616147054,16.1604473023134,16.4431544585094
15,16.1851053984463,14.1741761113578,15.179640754902
16,16.3704905731785,16.9831968555318,16.6768437143552
17,16.0072271604543,15.402455891602,15.7048415260281
18,16.3575268534516,15.5030705681541,15.9302987108028
19,16.159754551865,18.2745927836042,17.2171736677346
20,16.2656603910258,19.4986432786988,17.8821518348623
21,14.9368504780862,15.464196685214,15.2005235816501
22,16.2819594223217,18.002667881619,17.1423136519704
23,16.6078368932596,14.8078400765967,15.7078384849281
24,16.2649345396845,15.7343891850302,15.9996618623573
25,15.8832363810346,16.6719148987665,16.2775756399005
26,16.6068098935714,18.9655238176714,17.7861668556214
27,16.3502072846442,16.5135103244572,16.4318588045507
28,16.9828097062175,15.2077781594494,16.0952939328334
29,16.4860959053841,14.3673261734823,15.4267110394332
30,16.1702648037273,17.7700932625635,16.9701790331454
31,16.2091301570478,18.3100122332948,17.2595711951713
32,16.1670215783604,16.6321565681077,16.3995890732341
33,16.3948911766587,14.8165930150408,15.6057420958497
34,16.2781611003983,16.8150799590505,16.5466205297244
35,16.0430641104472,17.6662343225893,16.8546492165183
36,16.0311912710861,19.0594041956296,17.5452977333578
37,16.2243566976319,16.4131786703806,16.3187676840063
38,15.361196321956,14.4150148105966,14.8881055662763
39,16.7419076148589,14.786464277788,15.7641859463234
40,16.7517228822224,16.5836881638618,16.6677055230421
41,16.1493404853107,18.2653830087525,17.2073617470316
42,16.4509359959651,16.1896527245245,16.3202943602448
43,15.6041729729205,18.5249824093571,17.0645776911388
44,16.6917825316562,15.5349787601984,16.1133806459273
45,16.0824887769327,17.2752621788425,16.6788754778876
46,15.8251180682973,19.7369900633156,17.7810540658065
47,16.200375089967,18.6346075822383,17.4174913361026
48,16.4047533643142,16.351932708518,16.3783430364161
49,16.1253025784406,17.5771374779339,16.8512200281872
50,16.7924525789047,16.9738813953852,16.8831669871449
51,16.578479377204,14.1668646271946,15.3726720021993
52,16.2222346192761,15.3648518431139,15.793543231195
53,15.7888083123781,19.2619469658733,17.5253776391257
54,15.9301619464827,16.857721274075,16.3939416102789
55,16.0792770386833,17.6536504739476,16.8664637563155
56,16.802840621931,14.7338773595732,15.7683589907521
57,15.6726617319361,19.786112521905,17.7293871269205
58,16.0181031363772,15.5129496626672,15.7655263995222
59,16.4541574266163,17.2965247797963,16.8753411032063
60,16.6683632501337,17.3198719898501,16.9941176199919
61,16.0690104010297,17.8065591322939,16.9377847666618
62,16.8878979956491,17.3861024679712,17.1370002318101
63,16.322697279621,15.7186756174901,16.0206864485556
64,16.1633147083642,19.1178326073955,17.6405736578798
65,16.0068213924003,15.6890204784233,15.8479209354118
66,16.3892614660782,17.3357244439112,16.8624929549947
67,15.6194073794526,18.6462202481078,17.1328138137802
68,16.4899261205705,15.8665883450407,16.1782572328056
69,16.3612440100338,17.1262899231322,16.743766966583
70,16.220287528547,17.0954888495709,16.657888189059
71,15.8213321380535,19.5732679820319,17.6973000600427
72,15.8752284123154,16.7231614681175,16.2991949402164
73,16.2012873307667,18.9528694048584,17.5770783678126
74,16.7959927296512,16.9858230756112,16.8909079026312
75,16.7341690256419,16.1106803259338,16.4224246757879
76,16.2586810201465,18.407050150876,17.3328655855113
77,15.7155422792308,17.530821207157,16.6231817431939
78,16.0653262396653,16.9732341170891,16.5192801783772
79,16.3196062979667,20.9951362259335,18.6573712619501
80,16.2337810101855,18.4083901232873,17.3210855667364
81,15.9219127953392,17.2768964469663,16.5994046211528
82,15.7979436994133,17.0280075604008,16.412975629907
83,15.9790352791852,17.246075264577,16.6125552718811
84,16.5545683415193,15.9608583037793,16.2577133226493
85,16.202612321199,16.2289346252228,16.2157734732109
86,16.2312681346139,14.9546993588444,15.5929837467291
87,16.3612388172988,17.5663804466755,16.9638096319872
88,15.6593786418563,16.2695958159779,15.9644872289171
89,16.3407568419531,17.5345698598356,16.9376633508944
90,16.6226850177242,18.6404197595474,17.6315523886358
91,16.3460635613577,17.5323793216079,16.9392214414828
92,16.5989393017913,18.003536338109,17.3012378199502
93,15.6163735041923,17.286695828671,16.4515346664316
94,16.7152799872484,14.5055342587028,15.6104071229756
95,16.8457805949211,15.1627416540468,16.0042611244839
96,15.8600123697982,17.4877126686372,16.6738625192177
97,15.870604762483,20.0358993281,17.9532520452915
98,16.4598935071393,16.6314854049975,16.5456894560684
99,16.9779344190704,16.9748977163869,16.9764160677286
100,15.9181822308833,16.1092353319494,16.0137087814163
101,16.0029861416414,16.8289128718542,16.4159495067478
102,16.4466257241193,16.5082254526693,16.4774255883943
103,16.1408132303418,16.1487300350384,16.1447716326901
104,16.9327211221003,19.0009341955388,17.9668276588196
105,16.2200196230165,15.7086579441114,15.9643387835639
106,16.0432347649113,17.823798665586,16.9335167152487
107,16.3764508400381,17.5913485852926,16.9838997126653
108,16.5234471022058,16.1499432372536,16.3366951697297
109,16.1941018183119,17.4241886188441,16.809145218578
110,16.1296197717156,19.1634770501476,17.6465484109316
111,15.5877119769445,16.4130025050838,16.0003572410142
112,15.3884838695647,19.0537194076137,17.2211016385892
113,16.0690282355877,15.5219913085879,15.7955097720878
114,16.2037669051156,16.6153610519474,16.4095639785315
115,15.9801338499526,17.0169458554538,16.4985398527032
116,16.7128583757732,15.7175182700272,16.2151883229002
117,16.5303683771991,15.5467802394121,16.0385743083056
118,16.0942385056084,20.9123811721344,18.5033098388714
119,15.7292679089724,18.3647949397349,17.0470314243536
120,15.5559989315614,16.2358833416532,15.8959411366073
121,15.9507283132191,14.7988371944702,15.3747827538447
122,15.9332166931614,19.2827750209159,17.6079958570386
123,15.7188669132695,18.0526295891831,16.8857482512263
124,15.8860086450445,20.2410532059657,18.0635309255051
125,16.3638458728622,15.6750353413019,16.019440607082
126,16.9605733653617,15.8023442059489,16.3814587856553
127,15.1219526885449,16.6590102560243,15.8904814722846
128,16.3895220984154,19.8833383505412,18.1364302244783
129,16.4311844440228,16.3645295995598,16.3978570217913
130,16.9887198449952,14.5445317083095,15.7666257766523
131,16.340863290849,17.8544613521109,17.09766232148
132,15.9931001702508,17.7876857404512,16.890392955351
133,16.2436615549426,16.0972414019121,16.1704514784274
134,16.1633347881795,17.1111999942381,16.6372673912088
135,16.6286098586552,15.5185317768543,16.0735708177547
136,17.4134057498878,13.249432345337,15.3314190476124
137,15.8587469583562,17.5166713826508,16.6877091705035
138,16.6093821115513,17.757135569613,17.1832588405821
139,16.4417574191067,17.8228780842175,17.1323177516621
140,16.7597406325402,15.2795506261299,16.0196456293351
141,15.8447766349361,18.1171243313413,16.9809504831387
142,15.9280528833907,16.7801919275354,16.3541224054631
143,15.8241795803685,17.5748073847016,16.6994934825351
144,15.92089320978,18.8659414874744,17.3934173486272
145,15.9375867560875,15.7302754236369,15.8339310898622
146,16.4780901687073,18.5708400359276,17.5244651023174
147,15.538802393659,15.3916122333651,15.465207313512
148,16.2337824677914,17.0534783328052,16.6436304002983
149,16.0206434173818,17.7587536568675,16.8896985371247
150,15.7766106412319,13.2069414803808,14.4917760608063
151,15.9548596397603,16.537314080142,16.2460868599511
152,15.8318776166025,19.1027354622893,17.4673065394459
153,17.1814990727419,18.5582054776248,17.8698522751833
154,16.087627861911,19.3405479825683,17.7140879222396
155,16.2565993379435,16.2106758093656,16.2336375736545
156,16.1258908169949,13.3763314527813,14.7511111348881
157,16.1783567029135,20.6620069196946,18.4201818113041
158,15.7425033516762,17.8094056777253,16.7759545147008
159,16.9585564703164,15.2537751170569,16.1061657936866
160,16.6667426060922,15.1016775323595,15.8842100692258
161,16.2723043399459,15.0297135243869,15.6510089321664
162,16.4137202332607,19.0877917821286,17.7507560076947
163,16.4861982642759,16.647358228402,16.5667782463389
164,16.4941887069797,15.9669825008873,16.2305856039335
165,16.7532155584892,17.9445277281054,17.3488716432973
166,15.8872765128011,16.9528571354475,16.4200668241243
167,16.7832607885366,18.761213165132,17.7722369768343
168,15.9444872750232,19.4871495752175,17.7158184251204
169,16.0151715014936,17.1938032234367,16.6044873624652
170,15.5840241685666,16.0993876485215,15.841705908544
171,15.7506116121652,17.2626640549497,16.5066378335574
172,16.6002663317618,16.4555714592083,16.5279188954851
173,15.9311195976721,15.6411727010704,15.7861461493712
174,16.7802664903406,17.5792870512124,17.1797767707765
175,15.9284731272314,15.8292209561827,15.8788470417071
176,16.1753613235301,16.5976134748228,16.3864873991765
177,15.9847336861774,14.8351360170852,15.4099348516313
178,16.3147895068564,18.4009305350641,17.3578600209602
179,16.6129586034008,15.819029434151,16.2159940187759
180,16.2978684915859,16.639118137466,16.468493314526
181,16.5305586364635,17.2081874235378,16.8693730300007
182,15.8480155664546,16.7721394332722,16.3100774998634
183,16.5237945422989,19.004024265965,17.763909404132
184,16.3875489437709,14.6264815611666,15.5070152524687
185,15.9920539101865,15.6737019196056,15.8328779148961
186,15.8897825303182,17.3840076921086,16.6368951112134
187,15.8788304838943,20.7897460755659,18.3342882797301
188,16.6062315598098,16.8894375083971,16.7478345341035
189,16.2963693965699,18.4389673266237,17.3676683615968
190,15.8151378703013,18.3184045064901,17.0667711883957
191,16.0014972106783,17.7239725043673,16.8627348575228
192,15.8460930753194,18.6636300421992,17.2548615587593
193,16.4990164281772,16.2643161144629,16.3816662713201
194,15.7695755132766,21.4969692610945,18.6332723871855
195,16.7553118086463,15.6304966421539,16.1929042254001
196,17.1006774459052,16.8519910350651,16.9763342404852
197,16.5887080231218,15.3844914986179,15.9865997608699
198,16.4964084610762,18.4831720632332,17.4897902621547
199,16.7508856839112,17.4721517913167,17.1115187376139
200,15.9020108935407,16.5677345315231,16.2348727125319
201,16.2940064046427,15.186417354272,15.7402118794574
202,16.3759181009402,14.6478242495267,15.5118711752335
203,16.1438520003929,18.5098010022362,17.3268265013145
204,16.6157547834055,16.6932817762615,16.6545182798335
205,16.0437163882259,16.0699638184708,16.0568401033483
206,16.0996289541399,16.3851803038234,16.2424046289816
207,15.7984361048603,16.6776554286319,16.2380457667461
208,16.9064218393693,16.1798240619666,16.543122950668
209,15.5240679117028,17.9423472185542,16.7332075651285
210,15.7882788137385,18.9312586717825,17.3597687427605
211,15.5786666213945,19.3937585057563,17.4862125635754
212,15.5997598364948,19.350128810292,17.4749443233934
213,15.691321545102,15.6421020906717,15.6667118178868
214,16.5475037884493,17.1602012889069,16.8538525386781
215,16.1741193255341,16.6577500512047,16.4159346883694
216,16.4148709906203,17.1393788041031,16.7771248973617
217,15.9373237793565,19.7071028148216,17.822213297089
218,15.5957003095705,20.2188698525347,17.9072850810526
219,16.177977656473,13.4424706308652,14.8102241436691
220,16.4550239371277,17.5519781267518,17.0035010319397
221,15.9816290513317,18.4481804804777,17.2149047659047
222,16.2195881274836,14.6287732848762,15.4241807061799
223,16.2132208763879,17.3303316038132,16.7717762401006
224,16.2582568952242,18.7604066451526,17.5093317701884
225,16.547539341964,15.6767947624488,16.1121670522064
226,15.4313700858513,20.1565425666291,17.7939563262402
227,15.9672764995103,19.9497705319862,17.9585235157483
228,16.0322291051399,14.4901752127816,15.2612021589607
229,15.9504112230651,17.6889331650473,16.8196721940562
230,16.4961951938487,16.4282385518648,16.4622168728568
231,16.7689676225844,17.3072143204439,17.0380909715142
232,16.9089930855207,14.7489968610884,15.8289949733045
233,16.1280059170407,18.4786572680767,17.3033315925587
234,16.2228088619714,18.9994277762447,17.6111183191081
235,15.9947689756655,16.4079238089271,16.2013463922963
236,16.2960249691498,17.4010766000577,16.8485507846038
237,16.0224138597765,17.7709411017652,16.8966774807708
238,17.2665908536096,18.8797939812418,18.0731924174257
239,16.0083855852777,19.0096273692636,17.5090064772707
240,16.4461664487737,16.1700409647594,16.3081037067666
241,15.7231041876526,17.8147303485093,16.768917268081
242,16.5376589156115,16.5203137272815,16.5289863214465
243,16.3674795582588,12.1441642476241,14.2558219029415
244,16.280648855107,15.8608933365861,16.0707710958465
245,15.6938954276978,17.6416168367572,16.6677561322275
246,15.3629051756601,17.8765161362719,16.619710655966
247,15.8183320964082,17.8307753642687,16.8245537303385
248,15.9192493362529,19.4113952259031,17.665322281078
249,16.249064998926,17.1393695888526,16.6942172938893
250,16.4210166642398,15.9145281363887,16.1677724003142
251,16.0341644998136,19.9569821994941,17.9955733496538
252,15.3627966251813,20.435338908318,17.8990677667496
253,16.2483746007526,18.3002063620844,17.2742904814185
254,16.5443788490007,14.1120636883088,15.3282212686548
255,16.2533230176874,17.5659421292703,16.9096325734789
256,16.2588191532658,13.8467907836076,15.0528049684367
257,16.4355523167321,18.8639779988662,17.6497651577992
258,16.4699757193243,15.2364128132181,15.8531942662712
259,16.3922295388925,15.626848716648,16.0095391277702
260,16.9676023148323,16.9551518035705,16.9613770592014
261,16.6294911424255,15.0041890727867,15.8168401076061
262,16.7321915644315,19.1172114796653,17.9247015220484
263,16.4286225627034,17.4836508889153,16.9561367258094
264,16.3116685471845,17.3580307375305,16.8348496423575
265,16.2091178274846,13.6053108544461,14.9072143409653
266,16.6271072026242,14.7148952408146,15.6710012217194
267,16.6329860696459,15.171339998453,15.9021630340494
268,16.3002421064148,15.9299490160884,16.1150955612516
269,16.3448943785094,17.8324444205646,17.088669399537
270,16.4954904214824,17.1161032497656,16.805796835624
271,15.8857441303373,19.36925547879,17.6274998045636
272,16.0211380436647,17.7718637025535,16.8965008731091
273,15.1389669311963,15.9076515473188,15.5233092392576
274,15.6797017233549,17.0016067881526,16.3406542557537
275,16.719930404402,14.7610597850768,15.7404950947394
276,16.1876427852916,16.5250877479784,16.356365266635
277,15.7466685350579,14.4659425745668,15.1063055548123
278,15.6349193152267,18.5423308704705,17.0886250928486
279,16.0016346761784,18.0090691995828,17.0053519378806
280,16.6805053639721,16.6742892944724,16.6773973292222
281,16.0183006318544,15.1808637993561,15.5995822156053
282,15.9475497902938,16.637378164714,16.2924639775039
283,15.8582530347292,16.0968175485701,15.9775352916497
284,16.283027495223,17.5160648822737,16.8995461887483
285,16.2994661931635,17.4488493925263,16.8741577928449
286,15.5477642629148,16.7247183921969,16.1362413275559
287,16.3492530625303,17.9574446789875,17.1533488707589
288,15.5802752211436,17.5502282358683,16.5652517285059
289,16.8973475668184,17.6145264114459,17.2559369891322
290,15.6892265705541,18.6294170872402,17.1593218288971
291,15.7763864612758,17.6607770187903,16.718581740033
292,16.4902727948838,16.2157935572753,16.3530331760795
293,16.3389368468038,15.356595755274,15.8477663010389
294,16.3250644270816,17.0196828919691,16.6723736595253
295,15.8878006396477,20.570130991785,18.2289658157164
296,16.4234010218323,14.0075573743512,15.2154791980917
297,16.4415061904459,15.4174081809602,15.9294571857031
298,16.9852707972881,15.929792586712,16.457531692
299,16.3052163530165,16.4606231536803,16.3829197533484
300,16.4876728877894,16.4369880007305,16.46233044426
301,16.054825151516,19.0583775087528,17.5566013301344
302,15.871343390678,18.8922314959768,17.3817874433274
303,15.9518730369814,17.2032375599905,16.577555298486
304,17.1010516865948,16.1335392797799,16.6172954831873
305,16.2875005472829,16.2442516482754,16.2658760977791
306,16.2709012486178,16.89771587133,16.5843085599739
307,16.3125005863972,16.5492338807848,16.430867233591
308,15.7406663200609,17.881503434045,16.8110848770529
309,15.695601355766,17.5850996507493,16.6403505032577
310,17.3803464271561,15.4716045165685,16.4259754718623
311,16.8176922523485,18.0001399288184,17.4089160905834
312,16.2493801485252,17.5166175175862,16.8829988330557
313,16.0724383316303,13.1799619099522,14.6262001207912
314,16.4526033621743,15.3275793752263,15.8900913687003
315,16.4502879135373,20.7794766562048,18.6148822848711
316,15.5577539573393,18.4249677485552,16.9913608529472
317,16.5284993106514,15.8625462619165,16.195522786284
318,16.251929367965,16.9512265464999,16.6015779572325
319,16.3010522842801,14.6494725676321,15.4752624259561
320,16.4191780194424,16.1942538236574,16.3067159215499
321,16.2923627018113,17.71105211185,17.0017074068307
322,16.3846488989694,15.7994520585569,16.0920504787631
323,16.1464421286422,17.9726969096644,17.0595695191533
324,16.1518682785672,16.7323219631295,16.4420951208484
325,15.8806763338732,16.3924686799388,16.136572506906
326,15.9426212071868,16.2099337641527,16.0762774856697
327,15.8649032278363,14.5159714233178,15.1904373255771
328,15.786227594602,20.2176665523402,18.0019470734711
329,15.9759859523505,19.1950671079818,17.5855265301661
330,16.7981166231839,15.1840040587969,15.9910603409904
331,15.7620003810342,18.4173805106528,17.0896904458435
332,16.1706333307922,17.6171446631294,16.8938889969608
333,15.3837278290636,17.9781604289547,16.6809441290091
334,15.8905641023325,17.1033425232553,16.4969533127939
335,16.48343827708,16.1414139304366,16.3124261037583
336,15.9667064930594,14.4672440972126,15.216975295136
337,16.1521350600333,14.3976680356403,15.2749015478368
338,16.3643362667282,15.0191693159761,15.6917527913521
339,15.75082722808,19.2507263352726,17.5007767816763
340,16.7463111001731,17.7487243282964,17.2475177142347
341,16.556203659201,18.039544566922,17.2978741130615
342,16.3627345948625,20.2673031038209,18.3150188493417
343,16.4242105375202,19.7878091698303,18.1060098536752
344,16.1023471456672,18.3585096070597,17.2304283763634
345,16.5998102045732,15.2698810763637,15.9348456404684
346,16.6618687843704,16.3564172916571,16.5091430380138
347,15.1490104757251,18.289656700447,16.7193335880861
348,16.2218287025871,12.7613524079592,14.4915905552731
349,16.1675698985192,17.0251095486482,16.5963397235837
350,16.2302963915473,16.8969101270396,16.5636032592935
351,16.0935856635183,17.2793166968452,16.6864511801817
352,16.3410345135418,16.5735186883628,16.4572766009523
353,15.9537707404637,16.0314640159471,15.9926173782054
354,16.3021513419372,18.9915038259712,17.6468275839542
355,15.8138040132127,16.3093048897628,16.0615544514878
356,15.9459481426256,17.1661787964075,16.5560634695166
357,15.9904579150714,19.2149045061878,17.6026812106296
358,17.0201552345144,15.7991759472246,16.4096655908695
359,16.7370931380638,16.3433906399868,16.5402418890253
360,16.8457201392622,18.2086868395874,17.5272034894248
361,16.4456405982666,15.4508029784594,15.948221788363
362,16.6093320484898,16.8558927120245,16.7326123802572
363,16.4322398506892,17.0925247414075,16.7623822960484
364,15.213461113517,19.4022385962275,17.3078498548723
365,16.8166127446249,16.3190180784257,16.5678154115253
366,16.1432589261938,17.1851178299846,16.6641883780892
367,16.6556643066731,15.1196330555436,15.8876486811083
368,15.415409028108,18.4860677785743,16.9507384033411
369,16.1815813815608,14.104705655357,15.1431435184589
370,16.0767522225674,18.6162863141981,17.3465192683827
371,17.0013491107456,14.7060959468215,15.8537225287835
372,16.0266706115896,13.6922460576027,14.8594583345962
373,16.1751788730087,18.0091544386435,17.0921666558261
374,16.281784036415,16.577862691098,16.4298233637565
375,16.1216376634362,18.772467579621,17.4470526215286
376,15.7575667111421,19.3167339755078,17.5371503433249
377,15.8986011547088,16.3749718434297,16.1367864990693
378,16.3377480032458,17.5190542221501,16.9284011126979
379,16.8972905349635,17.0217175965324,16.959504065748
380,16.0710846798654,18.9595230303866,17.515303855126
381,15.496208768015,20.2823873414569,17.8892980547359
382,16.1378020841295,17.8673792594539,17.0025906717917
383,16.5568306504783,13.7400466011686,15.1484386258235
384,15.8270545310101,19.0138970135819,17.420475772296
385,17.0306402180785,15.6851224380285,16.3578813280535
386,16.1611177627336,17.5558430017617,16.8584803822476
387,16.7636687014321,15.1008403544726,15.9322545279523
388,16.128361968969,18.1497014054829,17.139031687226
389,15.9284398980914,15.8692199791266,15.898829938609
390,16.3931313565526,16.7598013959784,16.5764663762655
391,16.7775179469062,17.6849174782456,17.2312177125759
392,15.8874312307602,16.4458794448535,16.1666553378069
393,16.0836612307288,14.2776233944637,15.1806423125962
394,15.6670515772097,17.2201273375807,16.4435894573952
395,15.858081692349,18.8232882630767,17.3406849777129
396,16.197200483181,18.0339078618527,17.1155541725169
397,16.4326893036472,18.0805796662219,17.2566344849346
398,16.8914535101262,19.9224849850394,18.4069692475828
399,15.9467449920077,17.5379463618395,16.7423456769236
400,16.0092975782475,16.2126937895154,16.1109956838814
401,15.6314453001334,21.5403278272961,18.5858865637148
402,16.4565236844919,16.7364679425217,16.5964958135068
403,16.6836467661512,16.3797992253876,16.5317229957694
404,16.1090441521881,19.2501167620263,17.6795804571072
405,15.7732176563926,17.8825880130762,16.8279028347344
406,16.7355437844174,18.509844602702,17.6226941935597
407,16.2595323069444,14.5223907789197,15.3909615429321
408,16.038495350863,14.8155347876379,15.4270150692504
409,16.1024396435757,16.393309714223,16.2478746788994
410,16.6224963125496,16.9457673048642,16.7841318087069
411,16.5057374537401,15.8254989738227,16.1656182137814
412,16.8279671235232,15.0364491579788,15.932208140751
413,16.3003326002849,18.8609869858887,17.5806597930868
414,15.9128491564817,16.6815544674328,16.2972018119573
415,15.6580162215502,18.7849612284772,17.2214887250137
416,15.7962846218443,16.095212853184,15.9457487375142
417,15.5417034210229,15.5479641778751,15.544833799449
418,15.7996729531237,16.9891020290123,16.394387491068
419,16.4681654070771,15.2228937415447,15.8455295743109
420,16.7010171307021,16.6727305714419,16.686873851072
421,16.1922504324474,14.2188534954761,15.2055519639617
422,16.4825573940253,15.3836291920707,15.933093293048
423,16.2221188139845,18.9292054065333,17.5756621102589
424,16.9878630718231,16.6760529231669,16.831957997495
425,15.9801049929072,19.6732514747742,17.8266782338407
426,15.3742986289136,17.8879908791181,16.6311447540158
427,15.5838929273716,15.4796780205013,15.5317854739365
428,15.6493876840807,15.9000591252164,15.7747234046486
429,16.4410354091393,15.101238663905,15.7711370365222
430,16.079741639692,17.8119469055534,16.9458442726227
431,16.1867994351065,18.4930381597459,17.3399187974262
432,16.349498488917,15.5785503534586,15.9640244211878
433,16.7347037070323,14.4666475405924,15.6006756238124
434,16.2918511872835,14.3961170805005,15.343984133892
435,16.3235934686954,16.9080540396927,16.6158237541941
436,16.9083286196644,16.1314098556454,16.5198692376549
437,16.2561415829103,17.6512234860517,16.953682534481
438,15.8198708254545,15.373182371267,15.5965265983608
439,16.2201205615989,15.7101531563566,15.9651368589778
440,15.6756109753845,16.4567096189556,16.0661602971701
441,16.2681304891194,16.2352335228611,16.2516820059903
442,16.0546458056359,15.4806552328354,15.7676505192356
443,15.9627745365218,18.3478698165706,17.1553221765462
444,16.0357807665509,15.5426775043607,15.7892291354558
445,16.8300816294168,17.0071354085099,16.9186085189633
446,15.9748803552911,15.9607020646028,15.967791209947
447,16.6400545185309,19.3471647245262,17.9936096215285
448,16.3505733976227,17.5312567068775,16.9409150522501
449,16.1059837353338,18.4956914314689,17.3008375834013
450,16.0042594976002,17.3966665107811,16.7004630041906
451,16.2118142080684,14.2139336750742,15.2128739415713
452,15.8858517478052,19.1481362795149,17.51699401366
453,16.229572218661,17.6090122533206,16.9192922359908
454,16.9104367465945,16.4883102620562,16.6993735043254
455,15.9282506142624,16.9851422842817,16.4566964492721
456,16.6052456211183,16.8766747224927,16.7409601718055
457,15.7712210429989,18.3984866879385,17.0848538654687
458,16.1813533368416,15.0620304241144,15.621691880478
459,15.716324225119,17.3167808928469,16.516552558983
460,14.9792736013767,17.4450572630537,16.2121654322152
461,16.2458286998199,18.7833096478714,17.5145691738457
462,16.0995094301451,19.4853295838173,17.7924195069812
463,16.7357537836953,15.5973889572447,16.16657137047
464,16.5975785820974,18.3051898631562,17.4513842226268
465,16.9149541174123,16.4666104195563,16.6907822684843
466,16.4184770804475,17.4592053138917,16.9388411971696
467,16.6362023033051,18.9134018801649,17.774802091735
468,15.7289850588029,16.9072636828543,16.3181243708286
469,16.5005309068445,17.7320405674982,17.1162857371713
470,16.1330047473736,17.2837345097588,16.7083696285662
471,16.8261679623125,14.4343047601455,15.630236361229
472,16.8231472016358,17.8316633156378,17.3274052586368
473,16.1144871565606,19.273878100813,17.6941826286868
474,15.8226993436864,15.0800769719484,15.4513881578174
475,16.3992009975744,14.2794762584927,15.3393386280336
476,16.7698976269333,16.382977393419,16.5764375101761
477,17.1075523872279,16.5117624581829,16.8096574227054
478,16.033515499551,15.0495595251197,15.5415375123353
479,17.3403140986414,16.4549929132071,16.8976535059243
480,16.1396230610923,16.3510454831731,16.2453342721327
481,16.2556959390049,15.8524102584186,16.0540530987118
482,15.889214882832,15.5958464857047,15.7425306842683
483,16.3047688252916,17.8321486825234,17.0684587539075
484,15.8730821195492,16.6223833567253,16.2477327381373
485,16.2596214971067,17.058842445981,16.6592319715438
486,15.8984398883932,21.0444046027427,18.471422245568
487,16.3223579162816,18.3982150254002,17.3602864708409
488,15.9132674515673,17.3792593283084,16.6462633899379
489,16.2515941674318,17.8965296172643,17.074061892348
490,16.5844392747579,15.4330014621312,16.0087203684445
491,16.0069592371224,17.3194282494538,16.6631937432881
492,16.1819699294445,16.4214883828306,16.3017291561375
493,16.1900386128533,17.2824738278504,16.7362562203518
494,15.9467571158309,18.1031788129206,17.0249679643758
495,17.3104028711257,18.0121770875648,17.6612899793452
496,16.2744913646848,17.0694127824792,16.671952073582
497,16.0877924702166,15.8320110061111,15.9599017381639
498,16.5668200446753,19.0410585009057,17.8039392727905
499,15.7236353434375,18.2370674574149,16.9803514004262
500,15.9375045037389,19.0756763327563,17.5065904182476
501,16.0657902128838,17.9455658231504,17.0056780180171
502,15.2912558916362,19.560527138933,17.4258915152846
503,15.8423407115722,19.0452632677979,17.443801989685
504,16.4217751474538,21.0731727261538,18.7474739368038
505,16.6272475966768,15.3377260112838,15.9824868039803
506,16.1958924193597,15.8520003899029,16.0239464046313
507,16.5474448255809,13.1598425303168,14.8536436779488
508,15.9660653347368,18.2999032994892,17.132984317113
509,16.9548995201777,15.2622793203582,16.108589420268
510,16.3628050007719,16.3672614304145,16.3650332155932
511,16.547284024919,15.1079273530392,15.8276056889791
512,16.2749577919013,14.9746797266196,15.6248187592604
513,15.8844337203219,20.7710607730247,18.3277472466733
514,16.2576920176803,19.0942859512093,17.6759889844448
515,16.0968452062408,17.8916568165867,16.9942510114138
516,15.8619083380606,18.2982397534999,17.0800740457803
517,16.4333857272711,17.7177509050937,17.0755683161824
518,16.0588248905502,17.0976741617994,16.5782495261748
519,16.2984277009494,19.6908125796526,17.994620140301
520,16.3793929689778,16.5207522198544,16.4500725944161
521,16.4886564285225,13.4267229757638,14.9576897021431
522,16.3605818827386,14.1528135955851,15.2566977391619
523,16.6092671675883,15.9401493100118,16.2747082388
524,15.7724485212763,20.3686381349395,18.0705433281079
525,16.3760939506049,13.5720936225768,14.9740937865908
526,16.0848648821482,15.5512749082948,15.8180698952215
527,16.463200832935,17.7281328165164,17.0956668247257
528,15.9453752733913,15.0199841486985,15.4826797110449
529,16.1254497142627,18.6264425134191,17.3759461138409
530,15.9609111554972,16.2031223397791,16.0820167476381
531,15.6576234630247,19.6019530894126,17.6297882762187
532,16.1874966719718,20.0782328912188,18.1328647815953
533,16.4195888976724,17.1000658164991,16.7598273570858
534,16.0614833824937,14.7325615207281,15.3970224516109
535,15.9376127313142,14.6859719128903,15.3117923221022
536,15.6477659669435,16.0904554415067,15.8691107042251
537,16.6945756935801,12.2087917876869,14.4516837406335
538,16.1115393725595,18.5686093705268,17.3400743715431
539,15.8503420785061,17.149496438651,16.4999192585786
540,15.4320171688561,20.9432030759348,18.1876101223955
541,16.6506404906987,18.2912802292688,17.4709603599837
542,15.9691008198793,16.8021922210061,16.3856465204427
543,16.0543674109805,17.9162297913647,16.9852986011726
544,16.2054821836103,16.9384122990649,16.5719472413376
545,16.664417886645,14.1565416347106,15.4104797606778
546,16.8051486618736,14.9868424775609,15.8959955697173
547,16.7050801154872,15.9779488686781,16.3415144920826
548,15.9710019948644,18.2773449128265,17.1241734538455
549,15.2530504108449,15.7765744743614,15.5148124426031
550,16.6126063122888,18.6501324288795,17.6313693705841
551,16.3974418825794,18.5553619935429,17.4764019380612
552,16.6399857926551,19.4806786611033,18.0603322268792
553,16.5007561993375,17.1285736281269,16.8146649137322
554,15.7338548496421,15.9807607804526,15.8573078150473
555,16.5334380727364,15.5214605996435,16.0274493361899
556,16.8137045791966,17.6509527633334,17.232328671265
557,16.0004647727988,17.833950071729,16.9172074222639
558,15.6308909362769,14.6270723371137,15.1289816366953
559,15.9596693095124,21.6215377663047,18.7906035379086
560,16.2309973937189,18.4609334491014,17.3459654214101
561,16.4072218937313,19.019024208206,17.7131230509687
562,16.5223394430936,18.6552096843135,17.5887745637036
563,16.3503375130883,15.7705905404795,16.0604640267839
564,16.2578663566405,21.0989314724144,18.6783989145274
565,15.8128402172678,15.791279011909,15.8020596145884
566,15.3826137199624,15.1293856683146,15.2559996941385
567,16.0671738618531,14.5958013319024,15.3314875968777
568,15.3921047922151,19.1251415735892,17.2586231829021
569,16.0239067708625,17.0785442131113,16.5512254919869
570,16.1168224372022,20.3668042305817,18.2418133338919
571,16.0691351467148,16.9711843869335,16.5201597668242
572,15.7676503591038,17.7544089009246,16.7610296300142
573,16.3008866263163,16.9001155051236,16.6005010657199
574,16.608039459568,17.4296207594032,17.0188301094856
575,16.8746515728953,16.5969718522337,16.7358117125645
576,16.6944072211531,15.5641903383033,16.1292987797282
577,16.1608772211868,16.6835497519583,16.4222134865726
578,16.9870252260649,15.269979249791,16.128502237928
579,15.7960716032567,16.3505560505765,16.0733138269166
580,15.9077205160268,18.2902574374784,17.0989889767526
581,16.0253948512734,19.0149096932204,17.5201522722469
582,15.9810335350656,17.2084969143448,16.5947652247052
583,16.190694731234,19.4200217263203,17.8053582287772
584,15.981793689492,17.670446499352,16.826120094422
585,15.3709216427105,15.8657140833432,15.6183178630268
586,16.2148056928451,15.3498612279416,15.7823334603933
587,16.3395584174439,15.5003934641563,15.9199759408001
588,16.6725837137447,17.790462370327,17.2315230420358
589,16.1069485845152,17.1621184814981,16.6345335330067
590,16.193370091818,15.747282985648,15.970326538733
591,16.5992129296047,18.3684926223111,17.4838527759579
592,16.089501601743,17.1485285836455,16.6190150926942
593,16.0362286388619,19.9913761540636,18.0138023964628
594,16.478478726779,18.1834825686103,17.3309806476947
595,16.4588388883752,15.6816549561627,16.070246922269
596,16.9035524179768,14.199755486472,15.5516539522244
597,16.1725163077362,15.8619917621232,16.0172540349297
598,15.9429623438164,19.3402117552152,17.6415870495158
599,16.1000072990108,18.1576597066443,17.1288335028276
600,15.5054168121542,17.4473612841179,16.476389048136
601,15.8167648084949,21.8166936410024,18.8167292247486
602,15.6872063721043,17.5097568205587,16.5984815963315
603,16.1363808241597,18.2208661788994,17.1786235015296
604,16.7627188671619,15.2069139710114,15.9848164190867
605,15.8824150479831,16.3491074037958,16.1157612258895
606,16.1829081178806,15.0035792512142,15.5932436845474
607,16.3617122214504,14.3383344410102,15.3500233312303
608,16.4096885051042,16.6858254813111,16.5477569932076
609,16.2220750533561,18.7854812720574,17.5037781627068
610,16.3827231776214,16.0458610364005,16.2142921070109
611,16.7332036743779,16.5064125237748,16.6198080990764
612,15.8677283872855,19.8412126561666,17.854470521726
613,15.723228463621,16.4266224262911,16.0749254449561
614,15.0828138298319,16.8078400323949,15.9453269311134
615,16.303732232427,14.2036796212133,15.2537059268201
616,15.7040122838956,18.4605268669447,17.0822695754201
617,16.1753887065241,18.0454296737961,17.1104091901601
618,15.6255573178502,16.9451430274543,16.2853501726523
619,16.9023546206557,16.2534528960185,16.5779037583371
620,16.6251579773788,18.4566439583439,17.5409009678614
621,16.7738783429717,18.2379355790712,17.5059069610214
622,16.8266005479282,16.2297602617242,16.5281804048262
623,15.9650609230761,19.928097218865,17.9465790709706
624,16.1509452251452,20.4353033247039,18.2931242749246
625,17.005097792719,17.6530597440599,17.3290787683895
626,16.7849560369218,15.4244120184624,16.1046840276921
627,16.1831515150708,17.3485844829544,16.7658679990126
628,16.1501817379577,14.7699286706509,15.4600552043043
629,16.4467623433701,16.9725689041454,16.7096656237578
630,16.3085455297444,17.1555510591769,16.7320482944607
631,16.6677218663811,14.7458830454441,15.7068024559126
632,16.118423683234,16.4702363530033,16.2943300181187
633,17.313515528921,15.1262601099117,16.2198878194163
634,16.0480446295328,15.3856027155672,15.71682367255
635,16.4964428597147,15.2238536310979,15.8601482454063
636,16.1220027255516,18.5333248574454,17.3276637914985
637,15.6719200574464,19.859542355879,17.7657312066627
638,15.7476547700874,17.7615363062631,16.7545955381753
639,16.2753816568955,17.6719453241207,16.9736634905081
640,16.5010081729251,17.9979116170062,17.2494598949656
641,16.9117817507136,14.3873929907545,15.6495873707341
642,16.781984156866,19.9541875090837,18.3680858329748
643,15.2130235216754,17.7549368007089,16.4839801611922
644,16.1636809005164,20.3903485564358,18.2770147284761
645,15.2445191779419,18.6652888292095,16.9549040035757
646,16.6893995751559,15.4579841772659,16.0736918762109
647,15.4934474611691,16.6682835722644,16.0808655167167
648,15.760515562782,17.2780215337122,16.5192685482471
649,17.3079345794476,17.0764154078785,17.1921749936631
650,15.9758370011997,16.0323716171379,16.0041043091688
651,15.3864204314431,18.2902917443316,16.8383560878873
652,16.6586626681637,18.7465846662628,17.7026236672133
653,16.6061187680561,15.964374682067,16.2852467250615
654,16.4340356588243,12.8340238844951,14.6340297716597
655,15.6883648516591,17.5197232947512,16.6040440732051
656,15.4408555200602,18.6521907718174,17.0465231459388
657,17.0371459211941,16.7591302283651,16.8981380747796
658,17.142880919763,15.0939515104639,16.1184162151134
659,16.5081091536782,18.5993566578425,17.5537329057603
660,15.3331567424464,17.1050333915606,16.2190950670035
661,16.0958945066811,18.7675051519777,17.4316998293294
662,16.0257658607106,17.4204580981555,16.723111979433
663,16.8754079080421,17.3085752576761,17.0919915828591
664,15.9346885671552,17.9943771780102,16.9645328725827
665,15.8069265805601,16.4396239113276,16.1232752459439
666,16.3007513109299,17.7870434522215,17.0438973815757
667,15.4057453398328,13.7115190121106,14.5586321759717
668,16.6134493759791,13.8778846303473,15.2456670031632
669,15.651987486382,18.3173153830773,16.9846514347296
670,15.5991730545408,17.4919917176958,16.5455823861183
671,15.9126347070861,15.4982712378497,15.7054529724679
672,16.2766607225054,17.0047178973899,16.6406893099476
673,16.3089152328845,17.7500321920228,17.0294737124537
674,16.566529226938,17.2972810569014,16.9319051419197
675,16.4604605105827,15.9683702203524,16.2144153654675
676,15.7890543611747,18.3275905126874,17.058322436931
677,16.515915239346,20.5808976573817,18.5484064483638
678,15.4517760113268,18.3637202222119,16.9077481167693
679,16.3311853958606,16.2622314223538,16.2967084091072
680,16.4610345408046,15.5987638105162,16.0298991756604
681,16.7265378368303,18.7565439982737,17.741540917552
682,16.4765285367439,15.9503642729295,16.2134464048367
683,16.0076305743833,18.3768133190268,17.1922219467051
684,16.5634659926455,17.3854118313337,16.9744389119896
685,16.0229689509335,20.7313475115326,18.3771582312331
686,15.9563791994169,16.3984981645745,16.1774386819957
687,16.963829464598,14.5053048013956,15.7345671329968
688,15.9834236459667,16.9370999532891,16.4602617996279
689,16.1150322924255,18.2687134658212,17.1918728791234
690,16.7212001548125,18.4149918532775,17.568096004045
691,15.7795577447049,17.9156559784202,16.8476068615626
692,16.2776933157337,17.0231086788491,16.6504009972914
693,16.2775286326281,17.7336212025001,17.0055749175641
694,16.1020277743812,18.2360457489274,17.1690367616543
695,15.3933513446986,16.1682736139902,15.7808124793444
696,16.21692983669,19.0139910168249,17.6154604267575
697,16.1821119229604,15.6930195573233,15.9375657401418
698,16.015676743451,18.6990575170069,17.357367130229
699,16.2954804060682,14.4565403442204,15.3760103751443
700,16.0697789000556,19.0798486826866,17.5748137913711
701,15.9619880700409,16.4337490535623,16.1978685618016
702,16.1138902367239,19.0775004967481,17.595695366736
703,16.5115207652591,17.4566144643005,16.9840676147798
704,16.6344346023062,15.4199306946787,16.0271826484924
705,16.7400918957744,17.1790448351946,16.9595683654845
706,16.378479478234,19.1317880587157,17.7551337684748
707,16.4886415139326,18.4764499667412,17.4825457403369
708,16.4680432777462,19.0249800180844,17.7465116479153
709,16.5167175272703,15.9618114699341,16.2392644986022
710,15.76861399581,19.730182327026,17.749398161418
711,16.1961572825616,16.4128245384694,16.3044909105155
712,16.378449247621,17.1521993297478,16.7653242886844
713,15.5043001416381,16.6040931215465,16.0541966315923
714,15.6435891135635,18.6003488428226,17.1219689781931
715,16.1704176425061,18.102863307365,17.1366404749355
716,16.0082015326346,17.8885726272729,16.9483870799538
717,16.1231905448611,14.9507926434868,15.5369915941739
718,15.2563720345994,19.5438863733587,17.400129203979
719,16.729516147181,18.3527716277953,17.5411438874881
720,16.6408352133387,16.7618196981597,16.7013274557492
721,15.6581303070166,18.885823665313,17.2719769861648
722,16.3033179033893,17.2096804249355,16.7564991641624
723,16.8261408730884,17.287036677804,17.0565887754462
724,15.8282252741614,15.899054151062,15.8636397126117
725,16.6886675575144,20.3051386595841,18.4969031085492
726,15.6226652796408,18.4571826066611,17.0399239431509
727,16.2880389176662,16.6995440866421,16.4937915021541
728,15.7753742656575,17.7418084010562,16.7585913333569
729,16.4895790021241,15.8466214923985,16.1681002472613
730,16.2770296507224,17.4094124965343,16.8432210736283
731,16.1557331652687,15.1687971797333,15.662265172501
732,15.8811313208514,18.0501267041175,16.9656290124844
733,16.2214206537157,18.1399750172402,17.180697835478
734,16.691950135933,17.7742598165156,17.2331049762243
735,16.3099772256769,17.8609614259838,17.0854693258303
736,16.0408202533201,18.0330978208906,17.0369590371053
737,16.7711383929505,15.4549132982896,16.1130258456201
738,16.1287972882993,16.9183611568756,16.5235792225875
739,15.7672336791909,18.1623836454163,16.9648086623036
740,16.0921272798182,17.9063304136362,16.9992288467272
741,16.2291505393005,16.7804951109115,16.504822825106
742,15.8799179220296,22.5414237201899,19.2106708211098
743,16.2571086933449,16.5459076744759,16.4015081839104
744,15.7180591172559,18.6494267320396,17.1837429246477
745,16.2593530562284,15.4332625699515,15.84630781309
746,16.678545712369,12.8968457020703,14.7876957072197
747,16.4026552673563,17.5387809402986,16.9707181038275
748,16.357669355668,19.1835207779092,17.7705950667886
749,16.0076412691828,16.1451705672364,16.0764059182096
750,15.9295954421112,18.9344760306321,17.4320357363717
751,16.4281986224462,17.9047869403239,17.166492781385
752,16.0505222269401,16.0486836803982,16.0496029536692
753,15.5906866448016,16.9175055264156,16.2540960856086
754,16.2755457501433,17.527640279192,16.9015930146677
755,16.267800913789,15.4905397313306,15.8791703225598
756,16.5100765651604,16.0246206389874,16.2673486020739
757,16.3361934073879,17.374876369139,16.8555348882634
758,16.2257048247462,14.2898843984832,15.2577946116147
759,16.024219355707,16.7231224555127,16.3736709056098
760,15.6346256442247,17.9509207198559,16.7927731820403
761,16.4305717687606,18.1972572919878,17.3139145303742
762,15.8914967476704,17.0723367874455,16.481916767558
763,15.7082200794835,18.0778166971571,16.8930183883203
764,16.6118404543157,17.1260599037531,16.8689501790344
765,16.028799852019,17.027063777062,16.5279318145405
766,15.7783886654747,19.6833060262675,17.7308473458711
767,16.7957413510171,18.3008501030682,17.5482957270426
768,15.2265059606366,19.6826892039365,17.4545975822865
769,16.1322739755577,17.0698777150251,16.6010758452914
770,16.765223964546,19.2648302081585,18.0150270863522
771,16.1094368850744,16.128657437502,16.1190471612882
772,16.6680031864171,17.3373502515396,17.0026767189783
773,16.6546882568752,13.4298656859189,15.0422769713971
774,16.1613623121928,17.7218992698156,16.9416307910042
775,15.9680890353968,16.4192427036648,16.1936658695308
776,16.4596975963499,16.4473250193526,16.4535113078513
777,16.7834240600561,15.2596997234614,16.0215618917588
778,16.9125233181819,16.5483639517794,16.7304436349807
779,15.6842350791981,17.9530171197806,16.8186260994894
780,16.3847678658702,18.1749464240518,17.279857144961
781,16.7024465000748,16.1394984879444,16.4209724940096
782,16.3026856164775,13.105114338534,14.7038999775057
783,15.8832513191593,15.7673507424283,15.8253010307938
784,16.1694519613842,17.2448609010355,16.7071564312099
785,16.7048583926335,16.0909284528221,16.3978934227278
786,16.2434371563242,18.4349457298291,17.3391914430767
787,16.0227498533695,16.120504545618,16.0716271994938
788,15.8246082302485,16.9238775567401,16.3742428934943
789,16.4734007902416,18.8292818756325,17.6513413329371
790,16.2869711396894,18.9751073211651,17.6310392304272
791,16.0133717838272,14.4033200271418,15.2083459054845
792,16.0676162880842,17.0330972358877,16.5503567619859
793,15.4555253568055,15.7880862573156,15.6218058070606
794,16.0336616111005,16.2453535291511,16.1395075701258
795,16.7204597227539,16.8165910571388,16.7685253899464
796,15.976647149795,18.1086601793253,17.0426536645601
797,15.9704820354631,17.5072419730786,16.7388620042708
798,15.3195216943271,18.0659937187152,16.6927577065211
799,16.5297679522147,18.7850103639494,17.6573891580821
800,16.0804563464235,15.482674734503,15.7815655404632
801,15.7754054880436,16.7099038372952,16.2426546626694
802,16.1130751586527,13.6685491981749,14.8908121784138
803,16.6135485970428,16.396766697804,16.5051576474234
804,15.5537870570166,19.6466574776321,17.6002222673243
805,16.3895005169491,20.6914863513998,18.5404934341745
806,16.4019211900782,16.1725961949888,16.2872586925335
807,16.1797927167658,17.2134823581612,16.6966375374635
808,15.9898206241803,16.2939168616114,16.1418687428959
809,16.3165292903202,15.4257530198357,15.871141155078
810,16.0407482383225,17.3895220444293,16.7151351413759
811,16.1394644268109,18.1955031814109,17.1674838041109
812,16.613763329615,16.6835816288448,16.6486724792299
813,16.1760293979729,17.7557302496968,16.9658798238349
814,16.9146552167818,16.6548803018648,16.7847677593233
815,16.6911339341764,17.8674548830352,17.2792944086058
816,15.6983974992355,18.5248974235453,17.1116474613904
817,16.4538787917312,16.7853588398079,16.6196188157695
818,16.7839730463275,16.9226047070109,16.8532888766692
819,16.0002379367016,17.8279769920674,16.9141074643845
820,16.1398849698222,17.9622817714391,17.0510833706306
821,16.31354060937,15.5305013926914,15.9220210010307
822,16.0504720753232,18.360104183065,17.2052881291941
823,16.4556102260288,15.3741894871813,15.9148998566051
824,16.2119792851219,18.5109414208557,17.3614603529888
825,16.5545865306997,16.6217233845511,16.5881549576254
826,16.5714014482563,17.412817805895,16.9921096270756
827,16.2906728923999,14.0786366408791,15.1846547666395
828,16.1844301896655,17.2312523177496,16.7078412537075
829,15.347979287126,15.5544496958149,15.4512144914705
830,15.6314170882861,15.8345291965593,15.7329731424227
831,16.1741927058363,16.2931470585395,16.2336698821879
832,16.0884623591847,16.7821227594106,16.4352925592977
833,16.4799620825897,15.4429862865595,15.9614741845746
834,15.7388692075744,17.7803771495788,16.7596231785766
835,16.679726165138,13.9347497359292,15.3072379505336
836,16.2679677349956,18.6228622821981,17.4454150085969
837,16.3425887926907,14.8774919675795,15.6100403801351
838,16.3713491740798,15.7430940276128,16.0572216008463
839,16.622079813275,18.1851951490955,17.4036374811852
840,15.5227355207474,19.857509441895,17.6901224813212
841,15.8045503932495,14.8358034616503,15.3201769274499
842,16.8105272452631,17.877398128593,17.3439626869281
843,15.9909933065911,18.7425058918791,17.3667495992351
844,16.2988261110941,16.1593067045733,16.2290664078337
845,15.6191486424165,16.7762911650349,16.1977199037257
846,16.5437458335462,19.5002069288611,18.0219763812037
847,16.232937555549,17.0081253909547,16.6205314732519
848,16.4659377809049,14.9036619438872,15.684799862396
849,16.3188268027361,16.4414863909579,16.380156596847
850,16.245422289275,19.7253660464774,17.9853941678762
851,16.0377541146753,17.1477701806911,16.5927621476832
852,16.0855971096584,18.1304199823711,17.1080085460148
853,15.9943405448211,13.5299549587434,14.7621477517822
854,16.3652259915078,19.2053699148025,17.7852979531552
855,15.8863764138865,17.2702377258643,16.5783070698754
856,16.4108748851393,16.6966670943915,16.5537709897654
857,15.7876680761726,18.142341592757,16.9650048344648
858,15.8563775464309,17.5324522969124,16.6944149216717
859,16.4660752420583,15.5467538708974,16.0064145564778
860,16.3050079697569,15.7585574227535,16.0317826962552
861,15.9325983093953,15.587542255064,15.7600702822296
862,16.0410829428373,18.896870411367,17.4689766771021
863,16.2827945359068,18.077062481429,17.1799285086679
864,16.1397043024021,16.2388845888185,16.1892944456103
865,15.9953890005679,17.6950435418693,16.8452162712186
866,15.6569443654468,17.2619290661514,16.4594367157991
867,16.3913927224458,18.3814795004744,17.3864361114601
868,16.0752279631846,16.6434500781238,16.3593390206542
869,16.6255356800074,17.9918150366857,17.3086753583465
870,16.0232849550989,18.2147383880134,17.1190116715562
871,16.451585311866,18.3450666400558,17.3983259759609
872,16.0910516192232,15.9443191657109,16.0176853924671
873,15.4856083659575,14.1377115121228,14.8116599390402
874,16.449946577783,17.5654643341866,17.0077054559848
875,16.0987098528763,18.276284896586,17.1874973747312
876,16.1030107772992,18.8564554363177,17.4797331068084
877,15.4210492007872,18.5650421360227,16.9930456684049
878,16.4269448079174,15.4981952504188,15.9625700291681
879,16.6391718291891,17.2829611238019,16.9610664764955
880,16.264790859496,18.7210058487789,17.4928983541375
881,16.600676979287,17.9174876743942,17.2590823268406
882,16.4286117636771,13.7534238184311,15.0910177910541
883,15.2780154617998,16.4194220573084,15.8487187595541
884,15.755074884579,19.4221541756567,17.5886145301179
885,16.3422014063684,18.249317521904,17.2957594641362
886,16.1487054276933,18.7552887782362,17.4519971029648
887,17.0342951734736,16.4091327419406,16.7217139577071
888,16.7743885905897,16.3166365458622,16.545512568226
889,15.9824105703851,19.8894951162712,17.9359528433281
890,16.2627365922902,15.1415127509371,15.7021246716136
891,16.3983294748442,19.5673382189758,17.98283384691
892,16.315727657104,16.6911964311911,16.5034620441475
893,16.2725142066811,14.9835578183262,15.6280360125037
894,16.329427646639,16.2515421155561,16.2904848810975
895,16.3148076281368,16.3470164170808,16.3309120226088
896,16.110795192594,18.9997940520158,17.5552946223049
897,16.5191516953063,17.5522615828594,17.0357066390828
898,15.817666101364,16.5235340026309,16.1706000519975
899,16.8627542782338,15.2449148941847,16.0538345862092
900,15.962893160375,17.8581086726625,16.9105009165187
901,16.000327858985,16.3386040462045,16.1694659525947
902,15.8741305652559,14.2295588457024,15.0518447054791
903,16.2830435698988,18.0355294371751,17.159286503537
904,16.422289586968,17.5574306682455,16.9898601276068
905,15.7823381056077,19.1188366805545,17.4505873930811
906,16.1737787185944,15.8576776432884,16.0157281809414
907,16.2276362786252,18.7875414051515,17.5075888418883
908,16.6120214727407,21.2608370005772,18.936429236659
909,15.6453979292665,16.5341797000109,16.0897888146387
910,15.9609784142693,19.6507277660047,17.805853090137
911,15.4394570675219,18.0452159929254,16.7423365302236
912,15.8273355601532,15.3070437129821,15.5671896365677
913,16.5077740670759,16.822672195467,16.6652231312714
914,16.667848420569,16.5463445214659,16.6070964710174
915,15.6680465420581,18.4700892481109,17.0690678950845
916,16.0287932786552,17.0343814895789,16.5315873841171
917,16.3266670623495,16.3902684604715,16.3584677614105
918,16.264659941399,15.1780067310311,15.7213333362151
919,15.9955055601515,14.6877360737621,15.3416208169568
920,15.9386616705133,17.6121968446133,16.7754292575633
921,15.9137844111351,18.784278525728,17.3490314684315
922,16.0245364066403,15.8184670944378,15.9215017505391
923,15.6282203112753,22.4603499101314,19.0442851107033
924,16.6150162530398,14.0383354897351,15.3266758713875
925,16.5030967167436,18.3507472391488,17.4269219779462
926,15.9280377350517,16.6503847962606,16.2892112656561
927,16.4352104525932,17.057519725222,16.7463650889076
928,16.5557583203976,18.2864184270714,17.4210883737345
929,16.8034124522065,12.0870165618117,14.4452145070091
930,16.3529374149857,14.1340774125745,15.2435074137801
931,16.0081053900143,19.1021993053122,17.5551523476633
932,17.0054644586765,15.2576494427166,16.1315569506965
933,15.6943970882677,17.1287989815007,16.4115980348842
934,16.8192728757635,19.4673177554374,18.1432953156004
935,16.4228394489676,17.1518479470906,16.7873436980291
936,16.2927906546688,17.1619717358192,16.727381195244
937,15.9649797981665,14.8946299106927,15.4298048544296
938,16.5094504955707,18.7477474667122,17.6285989811415
939,15.9215225589341,20.0360980733959,17.978810316165
940,16.7070878340385,16.9329631685683,16.8200255013034
941,16.5920061188005,17.4018475837083,16.9969268512544
942,15.8037722737311,21.3385144433863,18.5711433585587
943,16.5163230388551,15.4672559524159,15.9917894956355
944,16.1894209093166,18.8326591525359,17.5110400309262
945,16.2198250770073,16.6746962423594,16.4472606596834
946,15.8691697141584,17.0526574589484,16.4609135865534
947,16.0095441353197,16.0565238461624,16.033033990741
948,16.5073685702139,18.6217074094068,17.5645379898103
949,16.0620837869985,15.5263512317924,15.7942175093954
950,15.2619512344517,16.9932720301746,16.1276116323132
951,16.7264092444654,16.350814997397,16.5386121209312
952,15.9839703038097,16.2422478015977,16.1131090527037
953,15.5801655066178,16.2415132426251,15.9108393746214
954,15.8667739996818,18.1356291136464,17.0012015566641
955,16.6382467077214,16.79284239839,16.7155445530557
956,16.3841573874998,17.044295750735,16.7142265691174
957,16.2532041864075,16.5207700755643,16.3869871309859
958,15.938708847706,16.2000843216735,16.0693965846897
959,16.498737180395,18.0599480545812,17.2793426174881
960,16.9555575874834,16.1162874912758,16.5359225393796
961,16.3664735659949,19.4230498301129,17.8947616980539
962,16.4870369475838,15.5935201065553,16.0402785270695
963,16.9075099051199,14.860795229128,15.8841525671239
964,15.9144267080529,16.34663130926,16.1305290086565
965,16.7279468405118,14.1421820033271,15.4350644219195
966,16.3181084991483,14.5420681983258,15.430088348737
967,16.0617464672316,18.5056267599958,17.2836866136137
968,16.7436765506147,17.1868371301762,16.9652568403955
969,15.5204786784736,17.4745999442818,16.4975393113777
970,16.353384825975,20.576837663676,18.4651112448255
971,15.8400186499771,14.7903495933329,15.315184121655
972,16.2792251689257,16.5591355277239,16.4191803483248
973,16.7065935125156,14.228747522503,15.4676705175093
974,15.9598921362227,16.5959632237114,16.277927679967
975,15.6738111459365,15.1284804713716,15.4011458086541
976,17.040135014663,15.8649969820893,16.4525659983762
977,16.1804516613863,20.5300307784834,18.3552412199349
978,16.4813964411466,15.2293548108067,15.8553756259767
979,15.8997144712276,17.4180782988347,16.6588963850311
980,15.4788289223335,14.6693415275292,15.0740852249314
981,16.5290403165091,13.9620659764632,15.2455531464861
982,16.1846027134398,15.1390768001371,15.6618397567885
983,16.3501124056871,18.3498232496956,17.3499678276914
984,16.1058950743253,16.6321975723982,16.3690463233618
985,16.341038349298,16.8314413179008,16.5862398335994
986,15.3933422306705,17.5800388372629,16.4866905339667
987,16.0798194505491,17.2381088662932,16.6589641584211
988,16.9699956705864,16.8987183952427,16.9343570329145
989,15.9870984353793,16.7041553644422,16.3456268999108
990,16.1000410849007,16.6050331950231,16.3525371399619
991,16.5482377098181,16.0287343536354,16.2884860317267
992,16.4244060609887,15.0177292163135,15.7210676386511
993,15.9139572631867,16.7588729881305,16.3364151256586
994,16.6759084523587,16.1912344631747,16.4335714577667
995,16.458572428688,19.2841446684407,17.8713585485644
996,16.256875591301,16.9040497585978,16.5804626749494
997,16.9247367452098,15.6535192579397,16.2891280015747
998,15.8245452148594,17.3905034342672,16.6075243245633
999,16.297502231747,15.2735817473696,15.7855419895583
1000,16.3898386035497,15.4697703618469,15.9298044826983
