Ring;Year;Tarsus
527208J;2003; 
674001J;2003; 
674002J;2003; 
674003J;2003; 
674004J;2003; 
674005J;2003; 
674006J;2003;19.1
674007J;2003;17.1
674008J;2003; 
674009J;2003;18.6
674039J;2003;19.6
674058J;2003; 
674079J;2003;19.3
674095J;2003; 
674096J;2003; 
674097J;2003; 
674098J;2003;19.5
674099J;2003;19.5
674100J;2003;19.3
674119J;2003;19.8
674120J;2003;19.15
674140J;2003;19.05
674141J;2003;18.4
674142J;2003;18.9
674143J;2003;19.6
674147J;2003; 
674148J;2003; 
674149J;2003; 
674150J;2003; 
674151J;2003; 
674160J;2003; 
674188J;2003; 
674189J;2003; 
674190J;2003; 
674191J;2003; 
674192J;2003; 
674193J;2003; 
674203J;2003;18.9
674224J;2003;19.1
674225J;2003;20
674226J;2003;19.8
674239J;2003;20
674240J;2003;18.1
674241J;2003;18.5
674245J;2003;18.2
674246J;2003;19.3
674236J;2005;17.3
674265J;2005;16.5
674499J;2005;16.9
952731J;2005;16.8
952804J;2005;17.1
952805J;2005;17.2
952806J;2005;17.4
952817J;2005;16.4
952818J;2005;16.8
952819J;2005;17.5
051168V;2006;17.3
051169V;2006;17.1
051183V;2006;16.8
051312V;2006;17.9
051324V;2006;17.6
051325V;2006;16.3
051343V;2006;17.7
051344V;2006;17.7
051345V;2006;17.1
051346V;2006;17.3
051347V;2006;17.2
051370V;2006;17.1
051371V;2006;16.2
051372V;2006;18.6
051380V;2006;16.9
051388V;2006;17
051389V;2006;17.4
051402V;2006;17.7
674006J;2006;16.7
674006J;2006;16.6
674053J;2006;16.8
674087J;2006;16.5
674087J;2006;16.7
674087J;2006;16.6
674235J;2006;16.9
674235J;2006;16.8
674263J;2006;16.6
674265J;2006;16.6
674278J;2006;17.2
674285J;2006;16.7
674312J;2006;16.9
674312J;2006;17.1
674394J;2006;17.4
674396J;2006;17.4
674400J;2006;16.6
674400J;2006;16.4
674465J;2006;16.7
674465J;2006;16.7
952747J;2006;17.1
952765J;2006;16.5
952784J;2006;17.1
952817J;2006;15.7
952817J;2006;15.9
952817J;2006;15.8
952823J;2006;18.2
952825J;2006;16.6
952825J;2006;16.8
952828J;2006;16.7
952841J;2006;17.6
952859J;2006;16.7
952867J;2006;16.7
952868J;2006;17.1
952872J;2006;17.8
952886J;2006;17.3
952888J;2006;16.4
952891J;2006;17.6
952895J;2006;17.2
952901J;2006;16.4
952903J;2006;17.2
952908J;2006;16.9
952910J;2006;17.5
952910J;2006;17.5
952911J;2006;17.9
952911J;2006;17.7
952912J;2006;16.5
952916J;2006;17.1
952919J;2006;16.9
952929J;2006;17.2
952929J;2006;16.7
952930J;2006;17.2
952931J;2006;16.4
952931J;2006;16.7
952932J;2006;16.8
952932J;2006;16.4
952933J;2006;16.8
952933J;2006;16.8
952933J;2006;16.8
952934J;2006;17
952934J;2006;16.9
952934J;2006;16.9
952935J;2006;16.7
952936J;2006;16.4
952936J;2006;16.3
952937J;2006;16.8
952938J;2006;16.6
952939J;2006;17.1
952939J;2006;17.2
952940J;2006;15.7
952941J;2006;16.9
952941J;2006;16.8
952942J;2006;17.2
952942J;2006;17.1
952943J;2006;16.4
952943J;2006;16.8
952943J;2006;16.6
952944J;2006;16.2
952945J;2006;16.7
952945J;2006;16.9
952953J;2006;16.7
952953J;2006;16.5
952954J;2006;16.7
952954J;2006;16.9
952954J;2006;17
952955J;2006;16.4
952955J;2006;16.7
952956J;2006;16.2
952956J;2006;16.2
952957J;2006;16
952957J;2006;16
952958J;2006;16.9
952959J;2006;15.9
952960J;2006;17.3
952960J;2006;17.4
952960J;2006;17.4
952961J;2006;16.2
952961J;2006;16.5
952962J;2006;17.1
952962J;2006;16.9
952963J;2006;16.7
952964J;2006;16.9
952965J;2006;16.4
952966J;2006;16.9
952966J;2006;17
952967J;2006;16.9
952967J;2006;17
952967J;2006;16.9
952968J;2006;17.2
952969J;2006;16.7
952969J;2006;16.9
952970J;2006;16.5
952989J;2006;16.8
952989J;2006;16.8
952989J;2006;16.9
952990J;2006;16.4
952990J;2006;16.5
952991J;2006;16.5
952992J;2006;15.9
952992J;2006;16.3
952999J;2006;17.1
952999J;2006;17.3
953000J;2006;17
953018J;2006;16.7
953056J;2006;17
953075J;2006;17.2
953084J;2006;17.4
953096J;2006;18.2
953112J;2006;16.3
953112J;2006;16.9
953113J;2006;16.4
953115J;2006;17
953175J;2006;16.7
953184J;2006;16.5
953195J;2006;16.6
953196J;2006;17.7
953197J;2006;17.1
953198J;2006;16.4
953199J;2006;17.5
953200J;2006;17.7
051101V;2007;17.2
051110V;2007;17.7
051121V;2007; 
051121V;2007; 
051121V;2007; 
051121V;2007;16.4
051121V;2007; 
051121V;2007;16.6
051121V;2007;16.5
051123V;2007;17.4
051124V;2007;17.1
051127V;2007; 
051127V;2007; 
051127V;2007; 
051127V;2007; 
051127V;2007;16.5
051127V;2007; 
051160V;2007; 
051160V;2007; 
051160V;2007; 
051160V;2007; 
051160V;2007; 
051169V;2007;17.1
051192V;2007;18.5
051198V;2007;17.9
051220V;2007;17.5
051231V;2007; 
051231V;2007; 
051231V;2007; 
051231V;2007; 
051231V;2007;15.8
051231V;2007; 
051231V;2007; 
051231V;2007;15.7
051254V;2007;17
051254V;2007;16.9
051280V;2007; 
051280V;2007; 
051280V;2007; 
051280V;2007;17.1
051280V;2007; 
051291V;2007; 
051291V;2007;16.2
051291V;2007; 
051291V;2007;16.6
051296V;2007;16.3
051296V;2007; 
051298V;2007; 
051298V;2007; 
051298V;2007; 
051298V;2007; 
051298V;2007; 
051298V;2007;16.2
051308V;2007;16.6
051308V;2007;16.4
051308V;2007;16.3
051310V;2007;16.1
051310V;2007; 
051312V;2007;17.4
051312V;2007;17.5
051318V;2007;17.7
051345V;2007;16.9
051347V;2007;16.9
051373V;2007;17.1
051379V;2007; 
051379V;2007; 
051379V;2007; 
051382V;2007;16.8
051388V;2007;16.8
051388V;2007; 
051388V;2007; 
051389V;2007;17.4
051398V;2007;17
051398V;2007; 
051398V;2007;17
051403V;2007;17.3
051403V;2007; 
051411V;2007;17
051413V;2007; 
051413V;2007;16.7
051413V;2007; 
051413V;2007;16.7
051415V;2007; 
051415V;2007; 
051415V;2007; 
051415V;2007;17.5
051416V;2007;17.6
051417V;2007;16.7
051420V;2007; 
051420V;2007;16.6
051420V;2007;17.1
051423V;2007;17
051425V;2007; 
051425V;2007; 
051425V;2007; 
051425V;2007;16.1
051425V;2007; 
051425V;2007; 
051426V;2007;17.3
051428V;2007;17.7
051430V;2007;18
051431V;2007;16.9
051431V;2007; 
051431V;2007;16.8
051432V;2007; 
051432V;2007; 
051432V;2007; 
051432V;2007; 
051432V;2007;16.2
051432V;2007; 
051432V;2007; 
051433V;2007;17.5
051440V;2007; 
051440V;2007; 
051440V;2007;16.1
051440V;2007; 
051443V;2007; 
051443V;2007;16.2
051443V;2007; 
051443V;2007;16.4
051449V;2007;17.9
051451V;2007;18.1
051452V;2007; 
051452V;2007; 
051452V;2007; 
051452V;2007; 
051452V;2007;16.5
051463V;2007;16.9
051463V;2007; 
051474V;2007; 
051474V;2007; 
051474V;2007; 
051474V;2007;17
051474V;2007;17.1
051474V;2007; 
051475V;2007; 
051475V;2007; 
051475V;2007; 
051475V;2007; 
051475V;2007;16.5
051475V;2007; 
051476V;2007; 
051476V;2007;16.5
051476V;2007; 
051476V;2007;16.7
051477V;2007; 
051477V;2007; 
051477V;2007; 
051477V;2007; 
051477V;2007;16
051478V;2007; 
051478V;2007; 
051478V;2007; 
051478V;2007; 
051478V;2007; 
051478V;2007;17.1
051478V;2007;17.2
051491V;2007; 
051491V;2007;16.4
051491V;2007;16.5
051512V;2007;17.9
051513V;2007;17
051513V;2007;17
051514V;2007; 
051514V;2007; 
051514V;2007;17.3
051514V;2007;17.5
051515V;2007;17
051515V;2007;17.3
051515V;2007; 
051516V;2007;16.9
051516V;2007; 
051517V;2007;17.4
051527V;2007;16.7
051527V;2007; 
051527V;2007; 
051528V;2007;17.3
051528V;2007;17.3
051529V;2007; 
051529V;2007;15.7
051529V;2007;15.9
051529V;2007; 
051529V;2007; 
051530V;2007; 
051530V;2007; 
051530V;2007; 
051530V;2007;16.5
051530V;2007; 
051530V;2007;16.5
051531V;2007; 
051531V;2007;16.5
051629V;2007; 
051629V;2007;16.8
051629V;2007; 
051629V;2007; 
051630V;2007;17.3
051631V;2007;17.5
051687V;2007;16.7
051688V;2007;16.6
051694V;2007;17.6
051695V;2007;17.6
051695V;2007;17.7
051696V;2007;16.8
051697V;2007;17.5
051698V;2007;16.7
051699V;2007;16.7
051700V;2007;17.8
107311V;2007;16.9
107311V;2007;16.8
107322V;2007;17.3
107322V;2007;17.2
107330V;2007; 
107330V;2007;16.2
107330V;2007;16.2
107385V;2007;17.1
107385V;2007;17
107397V;2007;16.8
107397V;2007;16.7
107398V;2007;17
107398V;2007;17.2
107399V;2007;17.6
107399V;2007; 
107400V;2007;17.2
107400V;2007;17
107400V;2007; 
107420V;2007; 
107420V;2007; 
107420V;2007; 
107420V;2007;17.1
107420V;2007; 
107421V;2007; 
107421V;2007;16.6
107431V;2007; 
107431V;2007;17.7
107431V;2007;17.5
107431V;2007; 
107431V;2007; 
107431V;2007; 
107442V;2007; 
107442V;2007; 
107442V;2007;16.6
107442V;2007; 
107450V;2007; 
107450V;2007; 
107450V;2007;16.3
107450V;2007;16.4
107461V;2007; 
107461V;2007; 
107461V;2007; 
107461V;2007; 
107461V;2007;16.6
107461V;2007; 
107470V;2007; 
107470V;2007; 
107470V;2007;16.9
107470V;2007;16.8
107471V;2007;17.4
107471V;2007; 
107472V;2007; 
107472V;2007; 
107472V;2007; 
107472V;2007; 
107472V;2007; 
107472V;2007;17.4
107472V;2007; 
107472V;2007; 
107473V;2007; 
107473V;2007; 
107473V;2007; 
107473V;2007; 
107473V;2007; 
107473V;2007;17.7
107473V;2007; 
107482V;2007;17.8
107482V;2007;17.7
107483V;2007; 
107483V;2007;17.2
107484V;2007; 
107484V;2007;16.7
107484V;2007; 
107485V;2007; 
107485V;2007;16.3
107485V;2007; 
107595V;2007;16.9
107595V;2007; 
107599V;2007;17
107600V;2007;17
107692V;2007; 
107692V;2007;17.1
107763V;2007; 
107763V;2007;17.1
107764V;2007;17
107765V;2007; 
107765V;2007;16.2
107768V;2007;16.8
107769V;2007;17.5
107780V;2007;18
107865V;2007; 
107865V;2007;16.2
107865V;2007;16.5
107871V;2007;17.7
107881V;2007;17.1
107881V;2007; 
107881V;2007; 
107882V;2007;17.5
107883V;2007;16.4
107884V;2007;17.9
107897V;2007; 
107897V;2007;17.3
107898V;2007;18.2
107899V;2007;17.9
107900V;2007;17.3
107997V;2007;17.2
107998V;2007; 
107998V;2007; 
107998V;2007;16.1
107999V;2007; 
107999V;2007;18
108000V;2007; 
108000V;2007; 
108000V;2007; 
108000V;2007; 
108000V;2007;17.6
131414V;2007;17.1
131438V;2007;17.6
131439V;2007;17.3
166102H;2007;16.7
166103H;2007;16.7
166104H;2007;17.8
166105H;2007;16.6
166106H;2007;16.6
166107H;2007;17.3
166111H;2007;17.4
166112H;2007;16.8
674285J;2007;16.8
674346J;2007; 
674396J;2007; 
674396J;2007; 
674396J;2007; 
674396J;2007;17.9
674400J;2007; 
674400J;2007; 
674435J;2007; 
674435J;2007;17.6
952752J;2007; 
952784J;2007;17.1
952796J;2007; 
952796J;2007;17.2
952825J;2007; 
952825J;2007; 
952825J;2007;17
952825J;2007; 
952825J;2007; 
952841J;2007;17.6
952853J;2007;17.1
952911J;2007;17.9
952930J;2007; 
952930J;2007; 
952930J;2007; 
952930J;2007; 
952930J;2007;16.7
952930J;2007;16.9
952930J;2007; 
952931J;2007; 
952931J;2007;16.8
952931J;2007;16.8
952931J;2007;16.8
952931J;2007; 
952931J;2007;16.7
952934J;2007; 
952934J;2007;17.1
952935J;2007; 
952935J;2007; 
952935J;2007; 
952935J;2007; 
952935J;2007;16.7
952935J;2007;17
952935J;2007; 
952936J;2007; 
952936J;2007;16.4
952936J;2007; 
952938J;2007; 
952938J;2007; 
952938J;2007; 
952938J;2007; 
952938J;2007; 
952938J;2007;16.6
952942J;2007; 
952942J;2007;17
952942J;2007;17.1
952943J;2007; 
952943J;2007; 
952943J;2007; 
952943J;2007; 
952943J;2007;16.6
952943J;2007; 
952943J;2007; 
952947J;2007; 
952947J;2007; 
952947J;2007; 
952947J;2007;16.4
952947J;2007;16.5
952947J;2007; 
952947J;2007;16.8
952953J;2007; 
952953J;2007; 
952953J;2007; 
952953J;2007;16.5
952953J;2007;16.4
952953J;2007; 
952953J;2007; 
952956J;2007; 
952956J;2007; 
952956J;2007; 
952956J;2007; 
952956J;2007; 
952956J;2007;15.9
952956J;2007; 
952956J;2007; 
952957J;2007; 
952957J;2007; 
952957J;2007; 
952957J;2007; 
952957J;2007; 
952957J;2007;16.4
952957J;2007; 
952960J;2007; 
952960J;2007; 
952960J;2007; 
952960J;2007;17
952960J;2007; 
952961J;2007;16.2
952967J;2007;17.1
952967J;2007; 
952969J;2007; 
952969J;2007; 
952969J;2007; 
952969J;2007; 
952972J;2007; 
952972J;2007; 
952972J;2007; 
952972J;2007; 
952976J;2007;17.2
952977J;2007; 
952989J;2007; 
952989J;2007;16.9
952989J;2007; 
952989J;2007;
952990J;2007; 
952990J;2007;16.6
952990J;2007;16.5
952991J;2007; 
952991J;2007;16.6
952991J;2007; 
953011J;2007; 
953011J;2007;16.5
953014J;2007;18.2
953031J;2007; 
953031J;2007; 
953031J;2007; 
953031J;2007;16.3
953031J;2007; 
953033J;2007;16.3
953033J;2007;16.5
953033J;2007;16.7
953039J;2007; 
953039J;2007;16.5
953039J;2007; 
953040J;2007;16.8
953040J;2007;16.8
953041J;2007;17.5
953087J;2007;17.6
953096J;2007;18.2
953096J;2007; 
953107J;2007;17
953115J;2007;17.1
953115J;2007;17
953130J;2007;16.9
953130J;2007; 
953130J;2007; 
953136J;2007;17.3
953136J;2007; 
953140J;2007;17.7
953149J;2007;16.7
953158J;2007;16.6
953158J;2007; 
953171J;2007;17.5
953171J;2007; 
953175J;2007;16.8
953178J;2007; 
953178J;2007;17.2
953178J;2007;17.1
953183J;2007;17.3
953193J;2007;16.7
953193J;2007; 
953196J;2007;17.8
953197J;2007;16.7
953198J;2007;16.7
953199J;2007;17.3
953200J;2007;17.5
051123V;2008;17.4
051127V;2008;16.5
051160V;2008;16.5
051160V;2008; 
051169V;2008;17
051280V;2008;16.9
051280V;2008;17.1
051291V;2008;16.3
051291V;2008;16.1
051310V;2008;15.5
051310V;2008; 
051347V;2008;17.1
051388V;2008;17.3
051403V;2008;17.2
051410V;2008; 
051410V;2008;17.4
051447V;2008;17.5
051477V;2008;16.2
051477V;2008;16
051504V;2008;16.3
051504V;2008;16.3
051508V;2008;16.5
051512V;2008;18.2
051513V;2008;16.7
051513V;2008; 
051513V;2008; 
051513V;2008; 
051515V;2008;16.9
051515V;2008;17
051528V;2008;17.8
051531V;2008;16.8
051531V;2008; 
051570V;2008;17.8
051571V;2008;16.8
051586V;2008;17.6
051607V;2008;17
051607V;2008; 
051607V;2008; 
051607V;2008;17.1
051607V;2008; 
051616V;2008;17.2
051618V;2008;17
051621V;2008;16.5
051621V;2008;16.9
051623V;2008;17.9
051629V;2008;16.9
051629V;2008;17
051630V;2008;17
051640V;2008;17.1
051640V;2008; 
051653V;2008;17.7
051654V;2008;18.3
051654V;2008; 
051685V;2008;17.6
051695V;2008;17.7
051698V;2008;16.8
051699V;2008;16.6
068839V;2008;17.4
068839V;2008; 
107311V;2008;17.2
107311V;2008;17
107312V;2008;17.9
107322V;2008;17.3
107333V;2008;17.4
107335V;2008;17.3
107335V;2008; 
107336V;2008;16.4
107336V;2008;16.1
107336V;2008; 
107340V;2008;16.6
107340V;2008; 
107340V;2008;16.6
107355V;2008;17.3
107359V;2008;17.7
107359V;2008;17.5
107359V;2008; 
107382V;2008;17
107384V;2008;17.8
107384V;2008;17.5
107385V;2008;17.2
107385V;2008;17
107385V;2008; 
107385V;2008; 
107385V;2008;16.9
107397V;2008;16.7
107421V;2008;16.7
107421V;2008; 
107450V;2008;16.2
107450V;2008;16.1
107464V;2008;17.7
107470V;2008; 
107470V;2008;16.3
107470V;2008;16.4
107472V;2008;17.5
107472V;2008; 
107474V;2008;17.3
107482V;2008;17.8
107482V;2008; 
107482V;2008; 
107497V;2008;18.1
107502V;2008;17.2
107502V;2008;17.2
107502V;2008; 
107510V;2008;17.1
107528V;2008;17.7
107599V;2008;17.6
107718V;2008;18
107723V;2008;17.6
107723V;2008; 
107724V;2008; 
107724V;2008;17.8
107732V;2008;16.8
107732V;2008; 
107740V;2008;17.7
107742V;2008;17.3
107742V;2008; 
107763V;2008;17.3
107763V;2008; 
107763V;2008; 
107764V;2008;16.7
107780V;2008;17.8
107813V;2008;17.3
107813V;2008;17.4
107815V;2008;16.6
107815V;2008; 
107819V;2008;17.3
107900V;2008;17.1
107909V;2008;17.1
107909V;2008; 
107934V;2008;16.4
107934V;2008;16.4
107934V;2008; 
107958V;2008;16.1
107973V;2008;17.3
107979V;2008;17.3
107991V;2008;16.9
107991V;2008;16.9
131414V;2008;16.6
131414V;2008; 
131438V;2008;17.2
131439V;2008;17.1
138511V;2008;17.3
138511V;2008; 
166103H;2008;16.6
166103H;2008;16.7
166104H;2008;18
166111H;2008;17.6
166119H;2008;17.1
166140H;2008;17.5
166154H;2008;17.4
166156H;2008; 
166169H;2008;17.3
166185H;2008;16.9
166185H;2008; 
166185H;2008;17.1
166191H;2008;16
166195H;2008;16.4
166195H;2008;16.2
198410H;2008;16.5
198415H;2008;16.6
198415H;2008;16.7
198421H;2008;18
198428H;2008;16.5
198428H;2008;16.3
198428H;2008; 
198429H;2008;17.5
198435H;2008;16.7
198435H;2008; 
198436H;2008;15.5
198436H;2008;15.6
198437H;2008;16.6
198437H;2008;16.6
198438H;2008;16.9
198438H;2008;16.6
198438H;2008;17.3
198439H;2008;16.3
198439H;2008; 
198439H;2008;16
198439H;2008; 
198440H;2008;16.3
198440H;2008;16.2
198441H;2008;17.3
198441H;2008;17.5
198442H;2008;15.9
198442H;2008;16.1
198443H;2008;15.6
198443H;2008; 
198443H;2008;16
198444H;2008;17.2
198445H;2008;15.8
198446H;2008;16.8
198447H;2008;17.9
198448H;2008;16.2
198448H;2008; 
198449H;2008;16.4
198450H;2008;16.5
198502H;2008;17.3
198502H;2008; 
198503H;2008;16.9
198504H;2008;16.8
198505H;2008;17.3
198506H;2008;16.5
198507H;2008;17.8
198508H;2008;17.4
211702H;2008;17
211702H;2008;16.7
211702H;2008; 
211703H;2008;16.5
211703H;2008; 
211704H;2008;16.9
211704H;2008; 
211705H;2008;16.8
211705H;2008; 
211705H;2008; 
211706H;2008;17.7
211706H;2008;17.1
211707H;2008;17.1
211707H;2008;17.3
211708H;2008;17.3
211708H;2008; 
211708H;2008;17.1
211710H;2008;16.7
211710H;2008; 
211711H;2008;16.6
211711H;2008; 
211712H;2008;16.9
211712H;2008; 
211713H;2008;16.2
211714H;2008;16.4
211714H;2008; 
211714H;2008;16.3
211714H;2008; 
211715H;2008;16.5
211715H;2008; 
211716H;2008;17.1
211716H;2008;17.2
211716H;2008;17
211717H;2008;17
211717H;2008;16.8
211718H;2008;16.4
211718H;2008; 
211718H;2008;16.4
211718H;2008; 
211718H;2008;16.5
211719H;2008;17.1
211720H;2008;17.1
211720H;2008; 
211721H;2008;17.1
211721H;2008; 
211722H;2008;16.4
211722H;2008; 
211723H;2008;16.5
211723H;2008; 
211724H;2008;17
211724H;2008; 
211725H;2008;17.5
211726H;2008;17.1
211726H;2008;16.9
211727H;2008;17.3
211727H;2008;17.1
211727H;2008; 
211728H;2008;16.9
211728H;2008; 
211729H;2008;16.3
211729H;2008; 
211730H;2008;15.5
211731H;2008;18.1
211732H;2008;16.8
211733H;2008;18.2
211734H;2008;17.6
211734H;2008; 
211735H;2008;16.7
211735H;2008; 
211736H;2008;16.7
211737H;2008;17.2
211738H;2008;17.4
211738H;2008;17.3
211739H;2008;17.3
211739H;2008;17.1
211740H;2008;17.5
211741H;2008;17.4
211742H;2008;17.6
211743H;2008;17.4
211744H;2008;17.4
211744H;2008;16.5
211744H;2008; 
211745H;2008;16.5
211746H;2008;17.6
211747H;2008;17.4
211748H;2008;18
211748H;2008;17.9
211749H;2008;17.2
211750H;2008;16.4
211750H;2008; 
211751H;2008;16.3
211752H;2008;16.8
211752H;2008;17
211752H;2008; 
211753H;2008;16.3
211754H;2008;16.8
211755H;2008;16.9
211756H;2008;17.1
211757H;2008; 
211757H;2008;15.8
211758H;2008;17.6
674396J;2008;17.5
674396J;2008; 
674400J;2008;16.6
674400J;2008;16.5
674435J;2008;18
952752J;2008;17.2
952784J;2008;17.4
952796J;2008;17
952841J;2008;17.6
952916J;2008;16.8
952929J;2008;16.9
952929J;2008;17
952935J;2008;16.9
952935J;2008;16.6
952943J;2008;16.4
952943J;2008; 
952945J;2008;16.8
952945J;2008; 
952945J;2008; 
952960J;2008;17.1
952961J;2008;16.6
952961J;2008; 
952969J;2008;17.1
952969J;2008;16.8
952989J;2008;16.9
952989J;2008;16.9
952991J;2008;16.8
953005J;2008; 
953011J;2008;16.8
953040J;2008;16.7
953040J;2008;16.7
953096J;2008;18
953140J;2008;17.7
953140J;2008;17.7
953158J;2008;16.8
953158J;2008; 
953164J;2008;17.5
953164J;2008;17.8
953177J;2008;17.3
953178J;2008;17
953178J;2008;17
953196J;2008;17.8
953198J;2008;16.5
953200J;2008;17.4
MISREAD1;2008;17.4
051127V;2009;16.3
051160V;2009;16.7
051160V;2009;16.4
051169V;2009;17
051231V;2009;16
051231V;2009;16.2
051310V;2009;15.5
051310V;2009;15.5
051379V;2009;17.3
051388V;2009;16.9
051403V;2009;17.1
051405V;2009;17.2
051416V;2009;17.6
051428V;2009;17.4
051512V;2009;18
051513V;2009;16.8
051515V;2009;17.1
051515V;2009;17
051520V;2009;17.2
051528V;2009;17.3
051528V;2009;17.3
051531V;2009;16.6
051531V;2009;16.8
051531V;2009;16.6
051531V;2009;16.8
051566V;2009;17.7
051586V;2009;17.6
051607V;2009;17.1
051607V;2009;17.3
051621V;2009;16.8
051621V;2009;16.8
051629V;2009;16.8
051629V;2009;16.9
051630V;2009;17.2
051653V;2009;18
051653V;2009;
051653V;2009;17.9
051653V;2009;
051685V;2009;17.9
051688V;2009;16.5
051695V;2009;17.6
051700V;2009;17.7
051700V;2009;17.8
068839V;2009;17.3
068839V;2009;16.9
107311V;2009;16.8
107311V;2009;16.9
107332V;2009;16.9
107333V;2009;
107333V;2009;17.4
107336V;2009;16.3
107336V;2009;
107359V;2009;17.6
107382V;2009;16.7
107458V;2009;17.1
107464V;2009;17.7
107470V;2009;16.6
107470V;2009;16.6
107482V;2009;17.6
107497V;2009;17.8
107502V;2009;17.1
107502V;2009;
107510V;2009;17.3
107599V;2009;17.1
107723V;2009;17.7
107732V;2009;16.2
107732V;2009;16.4
107740H;2009;17.7
107742V;2009;17.5
107742V;2009;
107764V;2009;16.9
107769V;2009;17.5
107780V;2009;17.6
107813V;2009;17.2
107813V;2009;17.3
107819V;2009;17.1
107882V;2009;17.1
107900V;2009;17.2
107958V;2009;16.3
107958V;2009;
107973V;2009;17
107979V;2009;17.3
131414V;2009;16.7
131414V;2009;16.8
131439V;2009;17.2
166103H;2009;16.5
166104H;2009;17.9
166106H;2009;16.6
166106H;2009;
166106H;2009;
166111H;2009;17.2
166140H;2009;17.6
166140H;2009;17.2
166154H;2009;17.3
166196H;2009;16.6
166196H;2009;16.6
180017V;2009;18.3
180044V;2009;16.4
180044V;2009;16.2
180049V;2009;17.8
180058V;2009;17.7
180058V;2009;17.6
180102V;2009;17.5
180103V;2009;17.1
180105V;2009;16.3
180156V;2009;16.7
180156V;2009;16.7
180201V;2009;17.1
180201V;2009;
180282V;2009;17.3
180290V;2009;17.3
180298V;2009;17.5
180302V;2009;15.9
180306V;2009;17.1
180314V;2009;16.6
180314V;2009;16.6
180321V;2009;18.2
180343V;2009;17.2
180343V;2009;
180343V;2009;17.1
180345V;2009;17
180349V;2009;16.3
180349V;2009;16.3
180349V;2009;16.5
180356V;2009;17
180365V;2009;16.8
180397V;2009;17.1
180397V;2009;17.1
180411V;2009;17.4
180413V;2009;16.9
180413V;2009;17.5
180445V;2009;17.1
180458V;2009;16.6
180458V;2009;17.1
180485V;2009;17.1
180494V;2009;16.8
180494V;2009;
180504V;2009;17.6
180561V;2009;16.8
180561V;2009;
180601V;2009;17.5
180873V;2009;17
180873V;2009;16.8
180875V;2009;16.9
180882V;2009;17.1
180908V;2009;17.7
180916V;2009;17.3
180958V;2009;17.6
180964V;2009;18.2
180989V;2009;16.7
180989V;2009;16.9
181017V;2009;16.4
181020V;2009;17
181036V;2009;16.9
181036V;2009;16.8
181042V;2009;17.2
181047V;2009;16.2
181047V;2009;16.2
181060V;2009;17
181060V;2009;17.1
181060V;2009;
181073V;2009;16.9
181084V;2009;17.8
181119V;2009;16.9
181119V;2009;16.9
181129V;2009;17.3
181138V;2009;17.2
181138V;2009;17
181143V;2009;16.7
181143V;2009;
181167V;2009;17.6
181186V;2009;17.5
181190V;2009;16.5
181196V;2009;16.2
181196V;2009;16.2
181197V;2009;16.5
198410H;2009;16.7
198410H;2009;16.6
198410H;2009;16.8
198421H;2009;17.9
198435H;2009;16.8
198435H;2009;16.7
198435H;2009;16.7
198437H;2009;16.4
198437H;2009;16.5
198439H;2009;16.1
198439H;2009;
198442H;2009;15.9
198442H;2009;15.8
198444H;2009;17.4
198445H;2009;15.9
198445H;2009;
198446H;2009;
198446H;2009;16.8
198447H;2009;17.9
198447H;2009;18
198449H;2009;16.4
198449H;2009;16.6
198450H;2009;16.4
198451H;2009;17
198452H;2009;
198452H;2009;17
198453H;2009;17.1
198453H;2009;17.4
198453H;2009;17.4
198457H;2009;16.3
198466H;2009;17.3
198468H;2009;16.3
198468H;2009;
198474H;2009;17.2
198475H;2009;17.4
198476H;2009;17.6
198482H;2009;17.2
198502H;2009;17.2
198503H;2009;17
198504H;2009;17
198505H;2009;17.1
198507H;2009;17.8
198510H;2009;17.2
198510H;2009;17.4
198514H;2009;16.7
198514H;2009;
198514H;2009;
198517H;2009;16.9
198517H;2009;16.7
198518H;2009;16.3
198518H;2009;16.3
198518H;2009;16.2
198522H;2009;17.4
198522H;2009;
198523H;2009;17.2
198523H;2009;
198524H;2009;16.7
198524H;2009;16.7
198524H;2009;16.6
198527H;2009;17
198527H;2009;17
198527H;2009;17.2
198528H;2009;17.1
198528H;2009;
198530H;2009;16.8
198530H;2009;
198531H;2009;16.2
198532H;2009;16.9
198532H;2009;16.9
198532H;2009;
198533H;2009;16.8
198533H;2009;16.9
198535H;2009;15.9
198535H;2009;15.9
198536H;2009;17
198536H;2009;17
198537H;2009;16.2
198537H;2009;16.2
198538H;2009;16.4
198538H;2009;16.5
198539H;2009;16.8
198540H;2009;17.2
198540H;2009;17
198541H;2009;17.3
198541H;2009;17.1
198543H;2009;16.5
198544H;2009;16.5
198544H;2009;16.7
198545H;2009;16.4
198545H;2009;16.3
198546H;2009;17.3
198546H;2009;17.2
198547H;2009;15.9
198548H;2009;16.8
198548H;2009;16.8
198549H;2009;16.6
198550H;2009;17.2
198601H;2009;17.2
198601H;2009;
198603H;2009;16.4
198603H;2009;16.5
198604H;2009;16.4
198604H;2009;16.3
198604H;2009;
198605H;2009;16
198605H;2009;15.5
198606H;2009;17.1
198606H;2009;
198608H;2009;16.7
198608H;2009;
198610H;2009;17.1
198610H;2009;17.2
198611H;2009;16
198612H;2009;16.6
198612H;2009;
198613H;2009;16.7
198613H;2009;16.5
198614H;2009;16.6
198614H;2009;16.6
198618H;2009;17.4
198618H;2009;17.1
198619H;2009;16.6
198619H;2009;16.6
198621H;2009;15.7
198621H;2009;15.8
198621H;2009;
198623H;2009;17.2
198624H;2009;16.8
198625H;2009;17.7
198627H;2009;17.7
198628H;2009;17.7
198629H;2009;16.8
198630H;2009;17.7
198631H;2009;17.9
198632H;2009;16.4
198632H;2009;16.2
198633H;2009;16.6
198634H;2009;16.3
198634H;2009;16.2
198635H;2009;16.8
198635H;2009;
198638H;2009;17.7
198639H;2009;17.6
198640H;2009;17.8
198641H;2009;17
198643H;2009;16.6
198644H;2009;17.8
198644H;2009;18
198855H;2009;17.5
198855H;2009;17.2
211703H;2009;16.5
211703H;2009;16.6
211704H;2009;17.2
211704H;2009;16.6
211704H;2009;
211705H;2009;16.7
211705H;2009;16.8
211705H;2009;17.1
211707H;2009;17.3
211708H;2009;16.9
211708H;2009;16.9
211710H;2009;16.2
211710H;2009;16.5
211716H;2009;17
211718H;2009;
211718H;2009;16.6
211720H;2009;17.2
211720H;2009;16.9
211721H;2009;16.8
211721H;2009;17.1
211723H;2009;16.4
211724H;2009;16.7
211724H;2009;16.8
211728H;2009;16.8
211728H;2009;16.7
211729H;2009;16.2
211729H;2009;16.5
211731H;2009;17.7
211733H;2009;18
211734H;2009;17.5
211737H;2009;17.4
211740H;2009;17.2
211741H;2009;17.3
211743H;2009;17.7
211744H;2009;16.4
211744H;2009;16.5
211744H;2009;16.6
211748H;2009;18.1
211757H;2009;15.6
211758H;2009;17.3
211758H;2009;17.8
211764H;2009;16.7
211765H;2009;17.1
211767H;2009;16.8
211770H;2009;18.5
211771H;2009;17
211772H;2009;17.2
211801H;2009;16.4
211801H;2009;16.4
211802H;2009;16.8
211803H;2009;16.8
211803H;2009;16.8
211803H;2009;16.8
211804H;2009;16.8
211805H;2009;17.1
211807H;2009;17.1
211808H;2009;17.1
211809H;2009;16.8
211810H;2009;16.4
211811H;2009;17.8
211812H;2009;16.8
211813H;2009;16.6
211814H;2009;17.5
291701H;2009;16.9
291701H;2009;16.9
291703H;2009;16.7
291703H;2009;
291704H;2009;17.2
291704H;2009;17.2
291705H;2009;17.5
291708H;2009;17.5
291709H;2009;16.8
291710H;2009;16.8
291711H;2009;16.7
291712H;2009;17.2
291713H;2009;17.2
291714H;2009;16.8
291715H;2009;17.5
291716H;2009;16.7
291717H;2009;17.5
674400J;2009;16.5
674400J;2009;16.5
952796J;2009;17.2
952841J;2009;17.5
952916J;2009;16.9
952935J;2009;16.9
952935J;2009;16.8
952935J;2009;
952935J;2009;16.8
952943J;2009;16.6
952943J;2009;16.5
952945J;2009;16.9
952961J;2009;16.5
952961J;2009;16.1
952989J;2009;16.8
952989J;2009;
952991J;2009;16.7
953011J;2009;16.5
953011J;2009;
953040J;2009;
953040J;2009;16.7
953040J;2009;16.7
953096J;2009;
953096J;2009;18.1
953140J;2009;17.6
953140J;2009;
953158J;2009;16.7
953158J;2009;
953158J;2009;
953178J;2009;16.7
953178J;2009;16.9
953193J;2009;16.6
953193J;2009;16.7
953196J;2009;17.4
953200J;2009;17.4
051403V;2010;17
051416V;2010;17.5
051513V;2010;17.2
051528V;2010;17.1
051528V;2010;17.5
051528V;2010;17.4
051630V;2010;17.1
051630V;2010;
051688V;2010;16.4
051699V;2010;17
107336V;2010;16.1
107359V;2010;17.4
107458V;2010;17
107470V;2010;17.1
107723V;2010;17.4
107732V;2010;16.2
107740V;2010;17.6
107742V;2010;17.2
107742V;2010;17.2
107764V;2010;16.9
138653V;2010;16.8
138672V;2010;17.8
138687V;2010;17
138690V;2010;16.5
160426V;2010;17
160426V;2010;16.6
160426V;2010;16.4
160491V;2010;16.9
166103H;2010;16.8
166103H;2010;16.5
166106H;2010;16.6
166106H;2010;16.7
166133H;2010;16.9
166154H;2010;17
166196H;2010;16.3
166196H;2010;16.5
166196H;2010;16.8
180042V;2010;17.1
180049V;2010;17.8
180049V;2010;17.8
180286V;2010;17
180349V;2010;16.5
180349V;2010;16.4
180349V;2010;16.5
180485V;2010;16.9
180504V;2010;17.2
180561V;2010;17
180739V;2010;17
180777V;2010;16.9
180848V;2010;15.9
180848V;2010;16.2
180908V;2010;17.4
180964V;2010;18.2
181017V;2010;16.5
181045V;2010;16.9
181047V;2010;16.2
181047V;2010;16.4
181060V;2010;17
181060V;2010;16.9
181060V;2010;17
181060V;2010;17
181084V;2010;17.7
181119V;2010;16.4
181119V;2010;17
198410H;2010;17.2
198410H;2010;16.5
198410H;2010;16.6
198439H;2010;16.2
198439H;2010;16.4
198446H;2010;16.9
198446H;2010;16.8
198449H;2010;16.4
198449H;2010;
198452H;2010;16.9
198466H;2010;17.3
198466H;2010;17.5
198503H;2010;16.7
198504H;2010;16.7
198507H;2010;17.6
198514H;2010;16.8
198528H;2010;17.1
198528H;2010;16.7
198535H;2010;16
198535H;2010;16
198536H;2010;17.2
198540H;2010;16.9
198540H;2010;17.1
198543H;2010;16.4
198543H;2010;16.9
198543H;2010;16.6
198547H;2010;16.1
198553H;2010;
198559H;2010;17.4
198560H;2010;17.1
198568H;2010;17.4
198574H;2010;16.6
198574H;2010;17.2
198574H;2010;16.5
198575H;2010;16.1
198578H;2010;17.3
198579H;2010;16.7
198579H;2010;16.7
198581H;2010;17.4
198581H;2010;17.4
198582H;2010;16.7
198582H;2010;16.5
198582H;2010;16.7
198583H;2010;16.9
198584H;2010;16.7
198584H;2010;16.8
198585H;2010;16.3
198586H;2010;16
198587H;2010;17.6
198588H;2010;16.4
198589H;2010;15.7
198590H;2010;16.8
198590H;2010;16.5
198591H;2010;16.8
198591H;2010;16.9
198591H;2010;16.9
198592H;2010;16.4
198593H;2010;17
198603H;2010;16.6
198603H;2010;16.5
198603H;2010;
198603H;2010;16.7
198604H;2010;16.5
198612H;2010;16.6
198612H;2010;16.8
198612H;2010;
198614H;2010;16.5
198634H;2010;16.1
198634H;2010;16.4
198638H;2010;17.6
198641H;2010;16.6
198641H;2010;
198647H;2010;17.1
198648H;2010;17.7
198649H;2010;16.9
198650H;2010;16.1
198653H;2010;16.8
198653H;2010;16.9
198654H;2010;16.6
198655H;2010;17
198655H;2010;
198656H;2010;16.4
198656H;2010;16.4
198657H;2010;16.3
198658H;2010;17
198658H;2010;16.9
198659H;2010;16.1
198660H;2010;16.3
198661H;2010;16.6
198662H;2010;17.3
198663H;2010;17
198664H;2010;16.4
198664H;2010;16.4
198665H;2010;16.3
198665H;2010;16.5
198666H;2010;16.4
198666H;2010;16.4
198666H;2010;16.3
198667H;2010;17.6
198668H;2010;16.3
198669H;2010;16.7
198669H;2010;16.8
211705H;2010;16.8
211705H;2010;
211707H;2010; 
211707H;2010;17.3
211707H;2010;17.1
211707H;2010;
211710H;2010;16.7
211720H;2010;16.7
211720H;2010;16.8
211733H;2010;18
211734H;2010;17.3
211743H;2010;17.8
211748H;2010;18.1
211759H;2010;17.1
211811H;2010;18
211811H;2010;17.4
211812H;2010;17.1
211813H;2010;16.7
211814H;2010;17.3
253038V;2010;17.2
253215V;2010;17.3
253219V;2010;17.3
253225V;2010;17.3
253227V;2010;16.7
253250V;2010;16
253328V;2010;17.6
253381V;2010;17.1
253381V;2010;16.8
253381V;2010;17.1
253393V;2010;16.6
253450V;2010;16.1
253512V;2010;16.9
253544V;2010;
253560V;2010;16.1
253578V;2010;16.7
253578V;2010;16.4
253602V;2010;16.5
253602V;2010;16.5
253602V;2010;16.6
253658V;2010;16
253689V;2010;17
253695V;2010;16.1
253713V;2010;17.3
253713V;2010;17.3
253743V;2010;18
253744V;2010;17.1
253744V;2010;17.1
253793V;2010;17.1
253793V;2010;17.1
260109V;2010;17.8
260141V;2010;16.6
260148V;2010;17.6
260148V;2010;17.5
260148V;2010;17.3
260148V;2010;
260152V;2010;17.1
260171V;2010;17.2
260171V;2010;17.3
260176V;2010;17.5
291701H;2010;17.3
291701H;2010;
291704H;2010;17.3
291704H;2010;17.1
291710H;2010;16.9
291711H;2010;16.8
291711H;2010;17.2
291711H;2010;17
291718H;2010;17
291718H;2010;17
291719H;2010;16.1
291719H;2010;16
291720H;2010;17.3
291720H;2010;17.1
291720H;2010;
291721H;2010;16.2
291721H;2010;16.2
291722H;2010;16.7
291723H;2010;16.4
291723H;2010;17
291724H;2010;16.9
291724H;2010;17
291725H;2010;16.8
291726H;2010;16.6
291727H;2010;16.9
291727H;2010;16.8
291727H;2010;17.1
291728H;2010;16.5
291728H;2010;
291729H;2010;15.5
291729H;2010;16.2
291730H;2010;17.4
291730H;2010;17.7
291731H;2010;17.4
291731H;2010;17.4
291732H;2010;16.9
291733H;2010;16.6
291734H;2010;17.1
291735H;2010;16.4
291735H;2010;16.4
291736H;2010;17.7
291737H;2010;17.8
291738H;2010;17.1
291739H;2010;15.9
291739H;2010;16
291740H;2010;16.7
291740H;2010;16.6
291741H;2010;16.5
291742H;2010;17.3
291743H;2010;17.3
291745H;2010;16.6
291746H;2010;16.3
291747H;2010;17.3
291749H;2010;17
291801H;2010;17.3
291802H;2010;15.8
291802H;2010;16.1
291803H;2010;17.1
291803H;2010;
291803H;2010;17.5
291804H;2010;16.4
291804H;2010;16.5
952989J;2010;16.7
952989J;2010;17
953200J;2010;17.7
051403V;2011;16.9
051416V;2011;17.3
051550V;2011;17.5
051630V;2011;17.4
051688V;2011;16.5
051688V;2011;16.9
107470V;2011;16.8
107470V;2011;16.8
107723V;2011;17.8
107732V;2011;16.2
107732V;2011;16.4
107732V;2011;16.3
107740V;2011;17.4
138652V;2011;16.5
138653V;2011;17
138672V;2011;18.2
138690V;2011;16.6
160421V;2011;16.9
160491V;2011;16.8
166154H;2011;17.2
180201V;2011;16.7
180201V;2011;16.9
180457V;2011;17.6
180485V;2011;17
180504V;2011;17.4
180777V;2011;16.8
180892V;2011;17
181084V;2011;17.7
198410H;2011;16.7
198410H;2011;16.5
198410H;2011;
198446H;2011;16.6
198449H;2011;16
198452H;2011;17.4
198453H;2011;17.2
198466H;2011;17.5
198503H;2011;17
198507H;2011;17.9
198507H;2011;17.9
198528H;2011;17.1
198540H;2011;17.1
198543H;2011;16.6
198559H;2011;17.3
198559H;2011;17.5
198567H;2011;15.5
198568H;2011;17.5
198575H;2011;16.1
198575H;2011;16.3
198575H;2011;16.1
198590H;2011;16.6
198593H;2011;17
198594H;2011;16.8
198594H;2011;16.7
198595H;2011;17.4
198596H;2011;17
198597H;2011;17.7
198598H;2011;17
198599H;2011;16.3
198603H;2011;16.5
198603H;2011;16.5
198614H;2011;16.7
198624H;2011;17.1
198634H;2011;16.2
198641H;2011;17
198647H;2011;16.9
198647H;2011;16.9
198653H;2011;16.6
198653H;2011;16.9
198655H;2011;16.5
198656H;2011;16.4
198656H;2011;16.6
198658H;2011;17
198664H;2011;16.5
198665H;2011;16.8
198671H;2011;15.7
198671H;2011;16.1
198672H;2011;17.1
198672H;2011;17.3
198672H;2011;17.2
198673H;2011;16.9
198673H;2011;16.4
198674H;2011;16.9
198674H;2011;17.3
198675H;2011;16.7
198675H;2011;16.5
198677H;2011;15.6
198677H;2011;15.8
198679H;2011;17
198679H;2011;16.8
198680H;2011;17.2
198680H;2011;17.4
198681H;2011;16.2
198681H;2011;16.5
198681H;2011;16.4
198682H;2011;16.5
198682H;2011;16.5
198684H;2011;17.2
198685H;2011;16.2
198685H;2011;16.6
198686H;2011;16.7
198686H;2011;16.7
198687H;2011;16.7
198688H;2011;16.5
198688H;2011;16.7
198689H;2011;16.9
198690H;2011;18.1
198691H;2011;16.9
198692H;2011;16.5
198692H;2011;17
198692H;2011;
198693H;2011;15.9
198693H;2011;15.9
198694H;2011;16.1
198695H;2011;16.9
198696H;2011;15.9
198697H;2011;16.3
198697H;2011;
198698H;2011;17.6
198699H;2011;16.9
198700H;2011;16.3
211707H;2011;17.3
211707H;2011;17.3
211710H;2011;16.5
211733H;2011;17.9
211743H;2011;17.5
211772H;2011;16.9
211811H;2011;18.1
211812H;2011;17.1
211813H;2011;16.6
211815H;2011;17.5
211815H;2011;17.6
211816H;2011;18.1
211817H;2011;16.8
211817H;2011;16.8
211819H;2011;16.9
211820H;2011;17.8
211821H;2011;18.4
211822H;2011;17.1
211822H;2011;17.1
211823H;2011;16.6
211824H;2011;17.8
211825H;2011;16.9
211826H;2011;16.4
211827H;2011;17.3
211828H;2011;16.9
211829H;2011;17.2
211830H;2011;16.4
211831H;2011;16.5
211832H;2011;17
211833H;2011;17.8
211834H;2011;17
211835H;2011;17.6
211836H;2011;16.5
211837H;2011;16.6
211838H;2011;16.7
211838H;2011;16.7
211839H;2011;17.3
211840H;2011;17.1
211841H;2011;16.7
211842H;2011;17.5
253154V;2011;17.4
253215V;2011;17.2
253227V;2011;16.7
253560V;2011;16.1
253560V;2011;16.2
253658V;2011;15.5
253695V;2011;16.2
253713V;2011;17.4
253743V;2011;17.7
253781V;2011;16.6
253793V;2011;17.1
253793V;2011;17.2
253793V;2011;17.1
260141V;2011;17.1
260148V;2011;17.6
260152V;2011;17.1
260171V;2011;17.3
260200V;2011;17
260201V;2011;17.1
260201V;2011;17.2
260202V;2011;17
291711H;2011;16.9
291718H;2011;17.1
291722H;2011;16.5
291725H;2011;16.9
291725H;2011;17.2
291731H;2011;17.2
291731H;2011;17.3
291732H;2011;16.7
291734H;2011;17.6
291737H;2011;18.1
291739H;2011;16.3
291742H;2011;
291747H;2011;17.2
291751H;2011;16.5
291804H;2011;16.5
291805H;2011;16.6
291805H;2011;16.5
291806H;2011;17.3
291806H;2011;17.1
291807H;2011;16.7
291808H;2011;16.8
291809H;2011;17.5
291809H;2011;17.7
291810H;2011;17.4
291810H;2011;17.3
291811H;2011;17.4
291812H;2011;18
291813H;2011;16.9
291814H;2011;16.8
291814H;2011;16.7
291815H;2011;16.6
291816H;2011;17.1
291816H;2011;16.8
291817H;2011;17
291818H;2011;17.2
291819H;2011;16.9
291820H;2011;17.4
291821H;2011;16.9
291822H;2011;16.7
291823H;2011;16.8
291824H;2011;17.1
291825H;2011;17.1
303031V;2011;17.3
303037V;2011;17.1
303040V;2011;17.7
303048V;2011;16.5
303060V;2011;18.4
303073V;2011;17.3
303103V;2011;16.6
303103V;2011;16.7
303105V;2011;17.2
303136V;2011;17.2
303162V;2011;17.1
303166V;2011;17.2
303166V;2011;17.3
303169V;2011;17.4
303171V;2011;17.4
303180V;2011;17.3
303205V;2011;17.3
303209V;2011;17.2
303225V;2011;16.9
303235V;2011;17.6
303250V;2011;17.2
303309V;2011;17.9
303312V;2011;17.7
303329V;2011;17.1
303330V;2011;16.5
303347V;2011;17.2
303362V;2011;16.9
303382V;2011;17.2
303388V;2011;16.7
303392V;2011;17.7
303421V;2011;17.6
303423V;2011;16.5
303427V;2011;17.9
303431V;2011;17.6
303465V;2011;18.1
303487V;2011;15.8
303487V;2011;
303494V;2011;17.3
303499V;2011;17.4
303538V;2011;17
303569V;2011;18.1
303611V;2011;16.9
303637V;2011;17.4
303658V;2011;16.3
303658V;2011;16.4
303669V;2011;17.4
303669V;2011;17.6
303756V;2011;17.4
303902V;2011;16
303921V;2011;16.4
303949V;2011;16.9
303958V;2011;18.3
303972V;2011;17.3
303980V;2011;17.8
303980V;2011;17.8
303988V;2011;17.1
303994V;2011;17.7
303996V;2011;17.7
303999V;2011;17.3
304130V;2011;17.2
304148V;2011;16.7
346001H;2011;15.7
346002H;2011;16.5
346003H;2011;16.2
346004H;2011;16.5
346004H;2011;16.5
346005H;2011;17.4
346006H;2011;17.1
346007H;2011;16.8
346008H;2011;18.1
346009H;2011;16.6
346010H;2011;16.6
051416V;2012;17.7
138653V;2012;16.8
138690V;2012;17
166154H;2012;17.2
180201V;2012;16.9
180201V;2012;16.8
180964V;2012;18.3
181084V;2012;17.8
198410H;2012;16.7
198410H;2012;16.7
198410H;2012;16.6
198446H;2012;17.1
198503H;2012;16.9
198507H;2012;18.2
198528H;2012; 
198528H;2012;17.1
198540H;2012;17
198540H;2012;16.9
198568H;2012;17.8
198575H;2012;16
198587H;2012;17.5
198595H;2012;17.4
198597H;2012;17.8
198598H;2012;16.7
198598H;2012;16.6
198634H;2012;16.4
198634H;2012;16.3
198634H;2012;16.3
198641H;2012;17.1
198647H;2012;16.6
198653H;2012;16.8
198653H;2012;16.9
198654H;2012;16.8
198654H;2012;16.8
198658H;2012;17.2
198665H;2012;16.7
198665H;2012;16.5
198677H;2012;15.9
198680H;2012;17.3
198681H;2012;16.1
198686H;2012;16.8
198686H;2012;17
198687H;2012;16.8
198688H;2012;16.6
198693H;2012;15.8
198696H;2012;16.3
211733H;2012;18
211812H;2012;17
211812H;2012;17
211819H;2012;16.9
211824H;2012;17.8
211827H;2012;16.5
211829H;2012;17.2
211831H;2012;16.5
211836H;2012;16.4
211836H;2012;16.3
211837H;2012;16.7
211837H;2012;16.9
211838H;2012;16.6
211838H;2012;16.8
211839H;2012;17
211839H;2012;17.1
211840H;2012;16.9
211843H;2012;17
211843H;2012;16.9
211843H;2012;16.6
211844H;2012;17.3
211844H;2012;17.1
211845H;2012;17.7
211845H;2012;16.5
211845H;2012;16.8
211846H;2012;18.3
211846H;2012;17.8
211847H;2012;17.3
211847H;2012;16.9
211848H;2012;18.5
211849H;2012;16.6
211849H;2012;16.3
211850H;2012;18.4
211850H;2012;16.8
211851H;2012;17.5
211852H;2012;16.9
211853H;2012;16.6
211853H;2012;16.5
211854H;2012;16.8
211854H;2012;16.5
211855H;2012;17.9
211856H;2012;16.8
211856H;2012;17
211857H;2012;
211857H;2012;17.3
211858H;2012;17.1
211859H;2012;17.3
211860H;2012;17.1
211861H;2012;17
211861H;2012;17.3
211862H;2012;16.2
211862H;2012;16.2
211863H;2012;16.6
211864H;2012;16.9
211865H;2012;17.5
211866H;2012;16.8
211867H;2012;17.2
211868H;2012;17.4
211868H;2012;17
211869H;2012;17.5
211870H;2012;16.6
211871H;2012;17.3
211872H;2012;18.4
253154V;2012;17.6
253354V;2012;18.7
253499V;2012;17
253499V;2012;17.1
253658V;2012;15.9
253713V;2012;17.1
253713V;2012;17.5
253743V;2012;17.7
253793V;2012;17.2
253793V;2012;17.2
253793V;2012;17.2
253917V;2012;16.7
253917V;2012;16.7
253918V;2012;17.4
253962V;2012;15.8
253997V;2012;16.8
260107V;2012;17.1
260141V;2012;16.8
260148V;2012;17.4
260148V;2012;17.3
260171V;2012;17.3
260171V;2012;17.2
260171V;2012;17.3
260201V;2012;17.4
260202V;2012;17.2
260292V;2012;17.7
291710H;2012;
291711H;2012;16.5
291711H;2012;16.6
291722H;2012;17
291725H;2012;17.1
291725H;2012;17.1
291731H;2012;
291731H;2012;17.3
291734H;2012;17.6
291739H;2012;16.3
291742H;2012;17.7
291742H;2012;17.6
291753H;2012;17
291753H;2012;18.1
291756H;2012;16.4
291756H;2012;16.4
291757H;2012;17.6
291758H;2012;17.7
291759H;2012;16.6
291759H;2012;16.6
291760H;2012;15.8
291761H;2012;16.4
291762H;2012;17.1
291807H;2012;17.2
291808H;2012;17.6
291809H;2012;17.7
291810H;2012;17.9
291810H;2012;17.3
291814H;2012;17.6
291814H;2012;16.9
291825H;2012;17
291826H;2012;16.8
291827H;2012;17.3
291827H;2012;17.2
291828H;2012;16.9
291828H;2012;16.9
291829H;2012;17.8
291829H;2012;17.5
291830H;2012;16.4
291830H;2012;16.5
291831H;2012;18.5
291832H;2012;17.4
291833H;2012;17.3
291834H;2012;16.9
291834H;2012;17.2
291835H;2012;16.2
291835H;2012;16.6
291836H;2012;17.4
291837H;2012;16.7
291838H;2012;17.6
291839H;2012;17.6
291840H;2012;17.1
291841H;2012;17.1
291842H;2012;17.8
303032V;2012;16.7
303032V;2012;16.6
303060V;2012;18.6
303162V;2012;17
303166V;2012;17.9
303166V;2012;17
303180V;2012;17.1
303207V;2012;17.1
303309V;2012;17.9
303312V;2012;17.4
303347H;2012;17.1
303362V;2012;17.5
303375V;2012;16.6
303375V;2012;16.9
303388V;2012;16.8
303421V;2012;17.1
303449V;2012;17.3
303449V;2012;17.3
303494V;2012;17.5
303637V;2012;17.8
303638V;2012;17.8
303658V;2012;16.1
303669V;2012;17.4
303669V;2012;17.4
303669V;2012;17.5
303848V;2012;17.4
303849V;2012;16.9
303884V;2012;16.8
303966V;2012;17.2
303972V;2012;17.1
303980V;2012;17.4
303984V;2012;17.5
303996V;2012;17.9
304004V;2012;17.4
304007V;2012;17.1
304030V;2012;16.6
304030V;2012;16.4
304031V;2012;17.4
304148V;2012;16.7
304148V;2012;16.9
304341V;2012;17.1
304345V;2012;
304345V;2012;17.5
304456V;2012;17.7
304481V;2012;17.2
304587V;2012;17.2
304589V;2012;16.8
346002H;2012;16.6
346005H;2012;17.5
346008H;2012;18.5
346008H;2012;18
346011H;2012;16.7
346011H;2012;16.5
346012H;2012;17.2
346012H;2012;17.1
346013H;2012;16.6
346013H;2012;16.9
346014H;2012;17.2
346014H;2012;16.2
346015H;2012;17
346015H;2012;17.4
346016H;2012;16.2
346016H;2012;16.3
346016H;2012;16.2
346017H;2012;16
346018H;2012;16.2
346019H;2012;17.4
346020H;2012;16.2
346021H;2012;15.9
346021H;2012;16.3
346022H;2012;16.8
346023H;2012;16.2
346024H;2012;17.7
346025H;2012;17.4
346025H;2012;17.6
346025H;2012;17.6
346026H;2012;16.8
346027H;2012;17.6
346028H;2012;
346029H;2012;16.4
346029H;2012;16.3
346030H;2012;16.4
346031H;2012;16.7
376925V;2012;16.5
376925V;2012;16.5
376974V;2012;16.6
376984V;2012;17.4
376988V;2012;17.1
377019V;2012;17.5
377019V;2012;16.7
377176V;2012;17.9
377181V;2012;16.9
377189V;2012;16.9
377189V;2012;17
377189V;2012;16.9
377193V;2012;17.2
377193V;2012;16.5
377250V;2012;17
377367V;2012;17.3
377384V;2012;17.9
443233V;2012;16.7
443454V;2012;17.1
138690V;2013;16.7
166154H;2013;
166154H;2013;17.1
180201V;2013;
180201V;2013;
180201V;2013;16.6
180777V;2013;17
180964V;2013;18.8
181084V;2013;17.5
198446H;2013;16.8
198503H;2013;17
198540H;2013;17
198595H;2013;17.4
198596H;2013;17
198641H;2013;
198641H;2013;16.9
198653H;2013;
198653H;2013;
198653H;2013;16.6
198658H;2013;
198658H;2013;16.9
198686H;2013;
198686H;2013;
198696H;2013;
198696H;2013;16.1
198698H;2013;17.6
211772H;2013;17.1
211819H;2013;
211819H;2013;
211819H;2013;16.9
211821H;2013;18.1
211824H;2013;17.6
211827H;2013;17.3
211831H;2013;16.4
211837H;2013;
211837H;2013;16.7
211847H;2013;
211847H;2013;16.9
211852H;2013;
211852H;2013;16.9
211854H;2013;16.8
211856H;2013;
211856H;2013;
211856H;2013;16.9
211864H;2013;
211864H;2013;16.7
211870H;2013;
211870H;2013;16.5
211873H;2013;
211873H;2013;
211873H;2013;16.3
211874H;2013;16.39
211874H;2013;16.4
211875H;2013;
211875H;2013;15.7
211876H;2013;
211876H;2013;17
211877H;2013;
211877H;2013;17.5
211877H;2013;17.5
211878H;2013;
211878H;2013;16.9
211879H;2013;
211879H;2013;
211879H;2013;16.3
211880H;2013;
211880H;2013;16.7
211880H;2013;16.6
211881H;2013;
211881H;2013;16.1
211882H;2013;
211882H;2013;16.7
211883H;2013;
211883H;2013;16.3
211884H;2013;
211884H;2013;16.8
211885H;2013;
211885H;2013;16.1
211885H;2013;16.1
211886H;2013;
211887H;2013;
211887H;2013;
211887H;2013;17.3
211888H;2013;
211888H;2013;17.1
211889H;2013;
211889H;2013;
211889H;2013;16.8
211890H;2013;
211891H;2013;
211891H;2013;17.23
211892H;2013;17.51
211893H;2013;16.71
241760H;2013;
241760H;2013;15.7
253354V;2013;18.6
253499V;2013;
253658V;2013;
253793V;2013;17.5
253918V;2013;17.2
260107V;2013;17.3
260141V;2013;16.8
260148V;2013;17.2
260200V;2013;17.12
260202V;2013;17.1
291710H;2013;17.1
291732H;2013;17.1
291737H;2013;18.1
291742H;2013;
291742H;2013;17.2
291753H;2013;
291756H;2013;
291756H;2013;
291756H;2013;16.81
291759H;2013;16.5
291765H;2013;
291766H;2013;
291766H;2013;17.4
291767H;2013;
291767H;2013;16.3
291768H;2013;
291768H;2013;16.4
291769H;2013;
291769H;2013;
291769H;2013;15.5
291770H;2013;
291770H;2013;17.4
291771H;2013;
291771H;2013;16.2
291772H;2013;18
291773H;2013;
291773H;2013;16.8
291774H;2013;
291774H;2013;
291774H;2013;16.77
291775H;2013;16.4
291775H;2013;16.4
291775H;2013;16.6
291776H;2013;17.3
291776H;2013;17
291778H;2013;17.2
291778H;2013;17
291779H;2013;16.4
291780H;2013;17.3
291781H;2013;18.3
291782H;2013;17.2
291783H;2013;17.6
291784H;2013;16.9
291785H;2013;17.4
291786H;2013;17.5
291787H;2013;18.1
291788H;2013;17
291789H;2013;17
291789H;2013;17.4
291790H;2013;16.1
291791H;2013;17.4
291792H;2013;17.5
291792H;2013;17.7
291792H;2013;17.5
291796H;2013;16
291796H;2013;16.5
291797H;2013;
291798H;2013;17.6
291798H;2013;18
291799H;2013;18.1
291799H;2013;18.1
291800H;2013;17.7
291807H;2013;
291807H;2013;16.9
291808H;2013;16.7
291810H;2013;
291810H;2013;17.4
291812H;2013;18.2
291825H;2013;16.7
291827H;2013;
291827H;2013;
291827H;2013;17.3
291830H;2013;
291830H;2013;16.6
291830H;2013;16.6
291832H;2013;16.6
291837H;2013;
291837H;2013;
291837H;2013;16.8
291840H;2013;17
291841H;2013;17.4
291841H;2013;17.5
291843H;2013;16.5
291844H;2013;17.4
291845H;2013;16.5
291846H;2013;17.5
291847H;2013;16.7
291848H;2013;17.7
291850H;2013;16.2
291851H;2013;
291851H;2013;16.2
291852H;2013;17.4
291853H;2013;17.7
291854H;2013;17.5
291855H;2013;16.7
291856H;2013;
303032V;2013;
303032V;2013;16.5
303032V;2013;16.4
303032V;2013;16.6
303166V;2013;
303309V;2013;17.8
303330V;2013;16.5
303347V;2013;17
303362V;2013;17.4
303637V;2013;17.7
303842V;2013;
303842V;2013;16.4
303842V;2013;16.3
303848V;2013;17.1
303849V;2013;
303849V;2013;16.9
303884V;2013;
303884V;2013;17
303972V;2013;17.3
303980V;2013;17.7
304130V;2013;17.6
304148V;2013;
304148V;2013;
304148V;2013;16.6
304230V;2013;
304230V;2013;
304342V;2013;
304342V;2013;16.7
304406V;2013;16.7
304406V;2013;16.8
304481V;2013;17.63
304518V;2013;17.3
304536V;2013;
304536V;2013;
304536V;2013;16.4
304587V;2013;17.4
304589V;2013;
304589V;2013;
304589V;2013;16.9
346005H;2013;17.6
346005H;2013;17.6
346014H;2013;
346014H;2013;16.8
346022H;2013;
346022H;2013;
346022H;2013;16.9
346024H;2013;
346029H;2013;
346029H;2013;16.5
346029H;2013;16.5
346032H;2013;
346032H;2013;17.2
346033H;2013;
346033H;2013;17.94
346035H;2013;
346035H;2013;17
346036H;2013;
346036H;2013;
346036H;2013;16.6
346037H;2013;
346037H;2013;
346037H;2013;16.4
346038H;2013;
346038H;2013;
346038H;2013;17.7
346039H;2013;
346039H;2013;
346039H;2013;16.7
346040H;2013;
346040H;2013;18.7
346041H;2013;
346041H;2013;16.8
346042H;2013;
346042H;2013;17.6
346043H;2013;
346043H;2013;17.8
346044H;2013;
346044H;2013;17
346044H;2013;16.6
346045H;2013;
346045H;2013;17.3
346046H;2013;
346046H;2013;
346046H;2013;17.1
346047H;2013;
346047H;2013;
346047H;2013;16.7
346047H;2013;16.8
346048H;2013;
346048H;2013;
346048H;2013;17.4
346048H;2013;18.1
346049H;2013;
346049H;2013;17.1
346050H;2013;
346050H;2013;16.7
346050H;2013;17
346051H;2013;
346051H;2013;
346051H;2013;
346051H;2013;17.3
346053H;2013;
346053H;2013;17.2
346054H;2013;16.7
346055H;2013;16.7
346056H;2013;
346056H;2013;
346056H;2013;17.2
346057H;2013;
346057H;2013;16.7
346058H;2013;17.2
346059H;2013;
346059H;2013;17.06
346059H;2013;17.2
346060H;2013;17.2
346061H;2013;16.7
346061H;2013;16.7
346062H;2013;17.6
346063H;2013;17.9
346064H;2013;17.6
346065H;2013;
346065H;2013;18
346066H;2013;16.8
346067H;2013;17.4
346068H;2013;17.4
346069H;2013;17
346070H;2013;17.5
376917V;2013;17.8
376927V;2013;17.1
376967V;2013;
376967V;2013;17.3
376984V;2013;17.3
377128V;2013;16.9
377128V;2013;16.9
377176V;2013;17.8
377181V;2013;16.6
377193V;2013;
377193V;2013;
377193V;2013;17.1
377193V;2013;17.2
377383V;2013;17.9
377384V;2013;17.9
443001V;2013;17.3
443011V;2013;17.35
443056V;2013;17.5
443119V;2013;
443119V;2013;16.7
443127V;2013;16.7
443147V;2013;17.9
443169V;2013;16.8
443200V;2013;17
443206V;2013;17.9
443215V;2013;
443217V;2013;17.7
443225V;2013;
443225V;2013;16.13
443235V;2013;16.9
443241V;2013;
443241V;2013;17.2
443243V;2013;
443243V;2013;17.1
443270V;2013;17.9
443397V;2013;16.1
443403V;2013;17.5
443405V;2013;
443420V;2013;
443429V;2013;17.6
443493V;2013;
443493V;2013;16.4
443493V;2013;16.5
443495V;2013;17.5
443519V;2013;
443519V;2013;17.4
443521V;2013;17
443621V;2013;16.8
443626V;2013;16.4
443650V;2013;17
443670V;2013;18.2
443682V;2013;16.6
443686V;2013;17
443702V;2013;17.2
443707V;2013;17.8
443748V;2013;
443748V;2013;17.1
443749V;2013;16.9
443780V;2013;16.9
443782V;2013;
443782V;2013;16
443783V;2013;
443783V;2013;
443783V;2013;16.1
443814V;2013;
443814V;2013;17.1
443814V;2013;17.2
443821V;2013;17.1
443821V;2013;17
443827V;2013;17.7
443831V;2013;
443831V;2013;16.8
445706V;2013;17.9
166154H;2014;17.4
198568H;2014;17.8
198595H;2014;17.4
198653H;2014;
198653H;2014;17.2
198653H;2014;16.6
198653H;2014;16.9
198696H;2014;15.9
198696H;2014;16
198696H;2014;15.9
211819H;2014;16.2
211819H;2014;16.8
211837H;2014;16.7
211837H;2014;16.5
211852H;2014;16.2
211852H;2014;16.9
211852H;2014;17.2
211856H;2014;16.6
211856H;2014;16.6
211856H;2014;16.6
211859H;2014;17.3
211864H;2014;16.9
211870H;2014;16.5
211870H;2014;16.8
211874H;2014;16.1
211874H;2014;16.2
211874H;2014;16.6
211874H;2014;16.4
211876H;2014;17
211877H;2014;
211878H;2014;16.8
211880H;2014;16.7
211889H;2014;16.6
211890H;2014;16.7
211890H;2014;16.4
211892H;2014;17.3
211893H;2014;16.5
211893H;2014;16.4
211894H;2014;
211895H;2014;17.2
211895H;2014;17.1
211896H;2014;17
211896H;2014;16.5
211897H;2014;17
211897H;2014;16.6
211898H;2014;16.3
211898H;2014;16.4
211899H;2014;17.9
211900H;2014;15.9
211900H;2014;15.8
253499V;2014;16.9
253499V;2014;
253781V;2014;16.6
253781V;2014;16.7
253793V;2014;17.4
253793V;2014;17.3
253918V;2014;17.5
253962V;2014;16
253962V;2014;16.3
260148V;2014;17.2
260200V;2014;16.9
291710H;2014;16.7
291742H;2014;17.4
291742H;2014;17.1
291759H;2014;16.6
291759H;2014;16.6
291760H;2014;15.8
291770H;2014;17.6
291770H;2014;
291772H;2014;17.8
291774H;2014;17
291774H;2014;16.5
291775H;2014;16.5
291775H;2014;16.5
291775H;2014;
291783H;2014;17.8
291785H;2014;17.4
291786H;2014;17.8
291789H;2014;17.5
291790H;2014;16.3
291791H;2014;17.6
291793H;2014;17.4
291799H;2014;18.1
291800H;2014;17.9
291807H;2014;16.9
291808H;2014;16.9
291810H;2014;17.6
291830H;2014;16.4
291830H;2014;16.6
291831H;2014;18.4
291833H;2014;17.4
291837H;2014;17
291837H;2014;16.8
291841H;2014;17.5
291843H;2014;16.6
291846H;2014;17.4
291846H;2014;17.9
291848H;2014;17.7
291855H;2014;16.2
291857H;2014;16.5
291857H;2014;16.6
291859H;2014;17.7
291860H;2014;16.1
291860H;2014;15.9
291861H;2014;17.5
291862H;2014;17.4
291863H;2014;16.6
291864H;2014;17.6
291865H;2014;16.7
291866H;2014;16.3
291866H;2014;
291867H;2014;17.1
291868H;2014;17
291869H;2014;17.3
291870H;2014;17.6
291871H;2014;17.2
291872H;2014;18
291873H;2014;16.2
291873H;2014;16.2
291874H;2014;18.2
291874H;2014;18.1
291875H;2014;16.6
291875H;2014;16.4
291876H;2014;17.7
291877H;2014;17.3
291877H;2014;17.3
291878H;2014;17
291879H;2014;17
303048V;2014;15.5
303048V;2014;16.3
303309V;2014;17.8
303330V;2014;16.7
303362V;2014;17.1
303421V;2014;17.4
303637V;2014;17.4
303842V;2014;16.5
303842V;2014;16.4
303842V;2014;16.2
303849V;2014;16.9
303884V;2014;16.9
303884V;2014;17.2
304086V;2014;17.1
304130V;2014;17.4
304518V;2014;17.1
304518V;2014;
304589V;2014;16.7
304589V;2014;16.6
346005H;2014;17.5
346019H;2014;17.5
346024H;2014;17.6
346024H;2014;17.4
346026H;2014;16.7
346026H;2014;16.5
346036H;2014;16.4
346036H;2014;16.4
346037H;2014;16.3
346037H;2014;16.5
346039H;2014;17
346039H;2014;17
346040H;2014;18.8
346044H;2014;16.5
346044H;2014;16.9
346046H;2014;17.1
346047H;2014;16.8
346047H;2014;16.9
346047H;2014;16.6
346049H;2014;16.7
346051H;2014;17
346051H;2014;17.4
346053H;2014;17.1
346053H;2014;17.2
346053H;2014;17.2
346054H;2014;16.7
346056H;2014;16.9
346056H;2014;17
346060H;2014;17.2
346061H;2014;16.7
346063H;2014;18.2
346065H;2014;17.2
346066H;2014;16.6
346068H;2014;
346070H;2014;17.6
346071H;2014;17.9
346072H;2014;17.5
346076H;2014;16.7
346077H;2014;17
346077H;2014;17.2
346078H;2014;16.9
346078H;2014;16.8
346079H;2014;17.3
346079H;2014;17.2
346080H;2014;17
346080H;2014;16.8
346081H;2014;16.8
346082H;2014;15.6
346082H;2014;16.4
346083H;2014;16.8
346084H;2014;16.7
346084H;2014;16.8
346085H;2014;17.7
346086H;2014;17
346086H;2014;17.1
346086H;2014;17
346087H;2014;17.4
346088H;2014;16.6
346089H;2014;15.9
346089H;2014;16
346090H;2014;17.4
346091H;2014;17.5
346091H;2014;17.5
376917V;2014;18.2
376967V;2014;17.2
376967V;2014;16.9
376984V;2014;17.1
377128V;2014;16.9
377176V;2014;17.7
377181V;2014;16.9
377193V;2014;17.1
377383V;2014;17.6
377423V;2014;17.3
377464V;2014;16.7
377464V;2014;
434707V;2014;17.9
443065V;2014;17
443165V;2014;16.7
443165V;2014;17
443165V;2014;17
443206V;2014;17.1
443206V;2014;17.7
443241V;2014;17.3
443241V;2014;17.2
443243V;2014;16.9
443243V;2014;17.1
443255V;2014;19.6
443270V;2014;17.9
443397V;2014;16.2
443397V;2014;16.2
443405V;2014;16.6
443429V;2014;17.6
443493V;2014;16.3
443493V;2014;16.3
443587V;2014;16.7
443626V;2014;16.4
443686V;2014;17
443710V;2014;17.7
443728V;2014;17.5
443728V;2014;17.1
443745V;2014;17.6
443745V;2014;17.6
443748V;2014;17.2
443774V;2014;16.5
443774V;2014;16.4
443783V;2014;17.6
443783V;2014;16.2
443814V;2014;16.8
443814V;2014;17.5
443817V;2014;17.2
443955V;2014;16.5
443955V;2014;17
505223V;2014;17.1
505286V;2014;16.4
505286V;2014;17
505286V;2014;17.1
505299V;2014;18.1
505303V;2014;16.5
505316V;2014;17.9
505322V;2014;16.7
505323V;2014;17.4
505338V;2014;16.4
505423V;2014;17
505424V;2014;17.3
505424V;2014;17.2
505430V;2014;16.9
505430V;2014;17.1
505431V;2014;17.6
505464V;2014;17.4
505484V;2014;17.4
505655V;2014;17.2
505656V;2014;17.4
505716V;2014;17.4
505716V;2014;17.4
505734V;2014;15.2
505734V;2014;
505754V;2014;16.3
505761V;2014;16.9
505810V;2014;16.3
505810V;2014;16.9
505823V;2014;17.1
505827V;2014;18
505854V;2014;16.9
505864V;2014;16.9
505884V;2014;16.5
505898V;2014;17.6
505898V;2014;17.2
505898V;2014;
505912V;2014;17.4
505964V;2014;16.7
505989V;2014;18.1
505996V;2014;17.3
593197H;2014;17.2
593197H;2014;17.3
636401H;2014;16.6
636401H;2014;17.4
636402H;2014;16.7
636402H;2014;17
636405H;2014;17
636405H;2014;17.2
636406H;2014;17.7
636407H;2014;17.7
636408H;2014;17.7
636409H;2014;17.5
636409H;2014;17.5
636410H;2014;16.7
636411H;2014;17.2
636412H;2014;16.6
636413H;2014;16.7
636414H;2014;16.5
636414H;2014;16.8
636415H;2014;17.8
636416H;2014;17.1
198596H;2015;17.1
198653H;2015;16.8
198653H;2015;17
198653H;2015;16.6
211876H;2015;17.2
211876H;2015;17.1
211877H;2015;17.5
211878H;2015;16.8
211896H;2015;16.8
253781V;2015;16.5
253918V;2015;17.4
291742H;2015;17.4
291760H;2015;15.9
291770H;2015;17.6
291770H;2015;17.7
291775H;2015;16.3
291778H;2015;17.2
291778H;2015;17.3
291791H;2015;17.4
291808H;2015;17.1
291810H;2015;17.5
291810H;2015;17.3
291831H;2015;18.6
291841H;2015;17.2
291847H;2015;16.7
291867H;2015;17.1
291867H;2015;17.2
291870H;2015;17.7
303060V;2015;18.6
303309V;2015;18.1
303309V;2015;17.7
303637V;2015;17.7
303842V;2015;16.2
303884V;2015;17.1
304086V;2015;17
346008H;2015;18.2
346036H;2015;16.7
346036H;2015;16.7
346037H;2015;16.4
346037H;2015;16.5
346039H;2015;17.1
346039H;2015;17.1
346040H;2015;18.6
346044H;2015;16.7
346044H;2015;16.7
346048H;2015;17.7
346048H;2015;17.7
346051H;2015;17.2
346053H;2015;17.1
346053H;2015;17.2
346053H;2015;17.1
346057H;2015;16.7
346060H;2015;17.1
346071H;2015;17.7
346080H;2015;16.9
346080H;2015;16.9
346086H;2015;16.9
346086H;2015;16.9
346092H;2015;16.9
346093H;2015;17.1
346094H;2015;17.2
346095H;2015;17.9
346096H;2015;16.8
346097H;2015;18
346098H;2015;16.8
346099H;2015;17.9
376927V;2015;16.9
376974V;2015;16.7
377291V;2015;17.5
377291V;2015;17.5
377461V;2015;17.7
377461V;2015;17.8
377463V;2015;16.7
377463V;2015;16.6
377464V;2015;16.5
443065V;2015;17.1
443169V;2015;16.6
443255V;2015;17.9
443270V;2015;17.9
443429V;2015;17.5
443587V;2015;16.3
443626V;2015;16.5
443707V;2015;17.8
443774V;2015;16.4
443774V;2015;16.4
443783V;2015;16.5
443783V;2015;16.2
443791V;2015;17.8
443967V;2015;17.4
505303V;2015;16.5
505316V;2015;17.8
505322V;2015;16.8
505338V;2015;16.7
505423V;2015;17
505430V;2015;17.1
505430V;2015;
505484V;2015;17.2
505602V;2015;17.1
505656V;2015;17.7
505671V;2015;16.8
505716V;2015;17.6
505823V;2015;17.1
505823V;2015;17.2
505823V;2015;16.7
505838V;2015;17.6
505838V;2015;17.4
505898V;2015;17.4
505957V;2015;17.3
560012V;2015;17.1
560014V;2015;17.3
560016V;2015;17.2
560016V;2015;16.9
560078V;2015;17
560078V;2015;16.4
560079V;2015;17.6
560141V;2015;17.3
561013V;2015;16.8
561102V;2015;17.2
561105V;2015;17.6
561217V;2015;16.9
561319V;2015;17.2
561341V;2015;17.2
561401V;2015;18
561417V;2015;17.3
561417V;2015;17.5
561418V;2015;17.1
561441V;2015;16.7
561463V;2015;17.6
561536V;2015;17.6
561540V;2015;17.6
561558V;2015;16.9
561562V;2015;16.1
561562V;2015;16.8
561573V;2015;16.8
636401H;2015;17.6
636412H;2015;16.8
636413H;2015;16.7
636414H;2015;16.9
636415H;2015;17.8
636418H;2015;17.2
636418H;2015;16.9
636419H;2015;18.1
636419H;2015;16.7
636420H;2015;16.6
636420H;2015;16.5
636420H;2015;16.6
636421H;2015;16.7
636422H;2015;16.4
636422H;2015;16.5
636423H;2015;16.5
636423H;2015;16.4
636424H;2015;17.1
636425H;2015;17.7
636426H;2015;17.7
636427H;2015;17.4
636428H;2015;16.8
636429H;2015;16.4
636430H;2015;18
636431H;2015;16.5
636431H;2015;16.7
636432H;2015;17.3
636433H;2015;17.6
636434H;2015;17.6
636435H;2015;17.2
636435H;2015;17.2
636436H;2015;18
636437H;2015;16.9
636437H;2015;16.9
636438H;2015;17.1
636438H;2015;17.6
636439H;2015;17.5
636440H;2015;17.7
636441H;2015;16.7
636442H;2015;17.9
636443H;2015;17.3
636444H;2015;17.1
636445H;2015;17.4
636534H;2015;17.5
636534H;2015;16.8
636534H;2015;16.9
636536H;2015;17.1
636536H;2015;16.9
636537H;2015;16.9
636538H;2015;16.7
636538H;2015;16.8
636539H;2015;17.6
636540H;2015;17.5
636541H;2015;17.1
636541H;2015;17.1
636542H;2015;17.7
636543H;2015;17.4
636544H;2015;17.6
636545H;2015;17.4
636546H;2015;16.8
636546H;2015;16.9
636547H;2015;16.7
636547H;2015;16.8
636548H;2015;17.2
636549H;2015;16.3
636550H;2015;16.6
636551H;2015;17.5
636552H;2015;16.7
636553H;2015;16.6
636554H;2015;17.5
636555H;2015;17.2
636556H;2015;16.8
636557H;2015;17.2
636558H;2015;16
198624H;2016;17
211856H;2016;16.7
211862H;2016;16.1
211862H;2016;16.2
211876H;2016;17.1
211896H;2016;16.5
211896H;2016;16.5
211896H;2016;17.2
211896H;2016;16.6
253781V;2016;16.3
291770H;2016;17.4
291775H;2016;16.33
291775H;2016;17
291775H;2016;16.8
291778H;2016;17.1
291791H;2016;17.4
291791H;2016;17.4
291837H;2016;17.2
291862H;2016;17.2
291867H;2016;17.2
291867H;2016;17
291881H;2016;16.8
291881H;2016;16.8
291882H;2016;16.9
291882H;2016;16.7
291883H;2016;17.9
291884H;2016;16.7
291884H;2016;17.4
291885H;2016;16.2
291885H;2016;17.2
291886H;2016;16.8
291886H;2016;16.8
291887H;2016;17.1
291887H;2016;
291887H;2016;17.2
291888H;2016;18.3
291888H;2016;18.1
291889H;2016;15.9
291889H;2016;15.9
291890H;2016;16
291892H;2016;17.3
291893H;2016;18.1
291893H;2016;18
291894H;2016;18.1
291895H;2016;17.4
291895H;2016;17.5
291895H;2016;17.3
291896H;2016;17.1
291897H;2016;17
291897H;2016;
291897H;2016;16.8
291898H;2016;17.4
291899H;2016;18.1
291900H;2016;16.2
291900H;2016;16.1
346024H;2016;17.7
346024H;2016;17.33
346024H;2016;17.6
346036H;2016;16.9
346036H;2016;16.7
346036H;2016;16.8
346036H;2016;16.5
346036H;2016;16.8
346048H;2016;17.4
346048H;2016;17.8
346060H;2016;17.1
346086H;2016;16.7
346086H;2016;16.8
346086H;2016;16.9
346086H;2016;16.7
346092H ;2016;16.8
377463V;2016;16.9
377463V;2016;16.9
377464V;2016;16.5
377464V;2016;16.8
377464V;2016;16.5
443065V;2016;17.1
443170V;2016;17.7
443225V;2016;16.2
443225V;2016;16.5
443230V;2016;17.5
443255V;2016;18
505222V;2016;17.1
505322V;2016;16.8
505338V;2016;
505338V;2016;16.5
505338V;2016;16.9
505342V;2016;17.7
505430V;2016;17.2
505430V;2016;17.2
505484V;2016;17.4
505690V;2016;17.9
505744V;2016;17.2
505761V;2016;16.9
505823V;2016;17.2
505823V;2016;17.1
505823V;2016;17
505856V;2016;16.8
505856V;2016;16.6
505856V;2016;17
505898V;2016;
505898V;2016;17.3
509635H;2016;17
560014V;2016;17.1
560016V;2016;17.2
560016V;2016;17.5
560016V;2016;17.1
560065V;2016;17.2
560071V;2016;17.8
560078V;2016;16.49
560078V;2016;16.9
560284V;2016;16.1
560406V;2016;16.87
560406V;2016;17.1
560435V;2016;15.6
560435V;2016;15.5
561013V;2016;16.8
561090V;2016;17.1
561090V;2016;16.7
561090V;2016;16.8
561102V;2016;17.3
561319V;2016;16.93
561401V;2016;18.1
561419V;2016;17.3
561441V;2016;16.4
636401H;2016;17.6
636401H;2016;16.9
636401H;2016;17.5
636412H;2016;16.6
636416H;2016;17.1
636418H;2016;16.9
636418H;2016;16.9
636420H;2016;16.6
636420H;2016;16.4
636420H;2016;16.5
636421H;2016;17
636423H;2016;16.4
636423H;2016;16.3
636423H;2016;16.6
636430H;2016;18.1
636433H;2016;16.5
636435H;2016;17.06
636435H;2016;17.1
636435H;2016;17.2
636436H;2016;17.8
636438H;2016;17.2
636440H;2016;17.7
636441H;2016;16.5
636441H;2016;16.6
636445H;2016;17.3
636448H;2016;16.75
636448H;2016;17.4
636449H;2016;16.6
636449H;2016;16.3
636450H;2016;17.5
636450H;2016;17.3
636450H;2016;17.3
636450H;2016;17.4
636451H;2016;15.3
636451H;2016;15.3
636451H;2016;15.1
636452H;2016;16.38
636452H;2016;16.85
636452H;2016;17.4
636453H;2016;15.9
636453H;2016;15.9
636454H;2016;16.8
636455H;2016;17.2
636455H;2016;17.5
636456H;2016;17.5
636457H;2016;16.9
636458H;2016;17.4
636459H;2016;17.5
636460H;2016;17.5
636461H;2016;17.8
636462H;2016;16.5
636463H;2016;17.1
636464H;2016;17
636464H;2016;17.1
636465H;2016;16.7
636466H;2016;16.6
636502H;2016;16.6
636502H;2016;16.5
636503H;2016;17.2
636503H;2016;17
636503H;2016;17.2
636504H;2016;17.9
636506H;2016;16.4
636506H;2016;16.7
636542H;2016;17.1
636543H;2016;17.3
636543H;2016;17.5
636546H;2016;16.6
636548H;2016;17.2
636548H;2016;17.2
636548H;2016;17.2
636553H;2016;16.6
636553H;2016;16.3
636557H;2016;16.9
636560H;2016;
636560H;2016;17.3
636560H;2016;17.5
636561H;2016;
636561H;2016;17
636561H;2016;16.7
636573H;2016;16.46
636573H;2016;16.6
636574H;2016;17
636575H;2016;16.6
636576H;2016;17.3
211856H;2017;16.7
211876H;2017;17.2
211876H;2017;17.1
211900H;2017;16.2
291778H;2017;17.1
291781H;2017;17.4
291862H;2017;17.2
291883H;2017;17.7
291884H;2017;16.8
291886H;2017;16.8
291887H;2017;17.3
291887H;2017;16.9
291889H;2017;15.8
291889H;2017;15.6
291892H;2017;17
291893H;2017;17.9
291896H;2017;17.1
291897H;2017;17
291897H;2017;17
304089V;2017;17.3
346086H;2017;16.6
346092H;2017;16.8
377423V;2017;17.2
377463V;2017;16.7
443065V;2017;NA
443121V;2017;17.1
505222V;2017;17.2
505286V;2017;16.9
505338V;2017;16.7
505342V;2017;18.14
505744V;2017;17.3
560012V;2017;16.5
560016V;2017;17
560016V;2017;
560071V;2017;17.7
560078V;2017;16.5
560108V;2017;16.6
560108V;2017;16.8
560320V;2017;15.9
560435V;2017;15.4
560495V;2017;16.5
560495V;2017;16.4
560495V;2017;16.3
560498V;2017;17.4
560498V;2017;17.3
560498V;2017;17.4
560565V;2017;17.2
560587V;2017;17
560587V;2017;17.2
560595V;2017;17.1
560601V;2017;15.8
560703V;2017;17
560730V;2017;17.7
560741V;2017;17.8
560820V;2017;17.4
561013V;2017;16.9
561090V;2017;16.8
561090V;2017;16.8
561102V;2017;17.4
561319V;2017;17
561401V;2017;17.9
561514V;2017;16.7
634141V;2017;17.8
634141V;2017;17.9
636401H;2017;17.3
636413H;2017;16.9
636413H;2017;16.4
636413H;2017;16.7
636416H;2017;17.2
636418H;2017;16.8
636420H;2017;16.4
636421H;2017;16.8
636425H;2017;17.8
636430H;2017;18
636434H;2017;17.2
636436H;2017;17.5
636449H;2017;16.7
636449H;2017;16.3
636451H;2017;15.9
636451H;2017;15.7
636451H;2017;15.6
636453H;2017;16
636456H;2017;17.6
636463H;2017;16.8
636465H;2017;17
636467H;2017;16.2
636470H;2017;17.1
636471H;2017;17.1
636472H;2017;17.1
636475H;2017;16.8
636476H;2017;18
636477H;2017;16.5
636478H;2017;16.6
636479H;2017;16.7
636480H;2017;16.4
636481H;2017;16.4
636482H;2017;17.1
636483H;2017;16.1
636483H;2017;16.4
636484H;2017;16.7
636485H;2017;17
636486H;2017;17.3
636486H;2017;17.3
636487H;2017;16.6
636487H;2017;16.8
636487H;2017;16.7
636488H;2017;16.4
636489H;2017;16.7
636489H;2017;16.6
636490H;2017;17
636490H;2017;17.1
636502H;2017;16.7
636502H;2017;16.4
636502H;2017;16.6
636503H;2017;17.2
636509H;2017;17.8
636510H;2017;17.6
636511H;2017;17.8
636512H;2017;18.1
636513H;2017;17.6
636514H;2017;17.6
636515H;2017;17.8
636516H;2017;17.9
636542H;2017;17.8
636547H;2017;16.9
636550H;2017;16.8
636559H;2017;17.1
636559H;2017;17.1
636559H;2017;NA
636563H;2017;16.1
636564H;2017;17.4
636566H;2017;16.6
636567H;2017;17.4
636568H;2017;17.3
636569H;2017;17
636570H;2017;17.1
636571H;2017;17.3
636572H;2017;17.3
636572H;2017;17.2
636576H;2017;16.5
636577H;2017;17.3
636578H;2017;16.8
636579H;2017;16.5
636579H;2017;16.3
636580H;2017;17.4
636580H;2017;17.5
636581H;2017;18.5
636582H;2017;17
636582H;2017;17
636583H;2017;17.2
636583H;2017;17.3
636584H;2017;17.5
636585H;2017;16.3
636586H;2017;17.4
636587H;2017;17.7
636588H;2017;17.4
636589H;2017;16.4
636590H;2017;16.5
636591H;2017;17.2
636592H;2017;16.7
636592H;2017;16.9
636593H;2017;16.9
636594H;2017;16.6
636594H;2017;16.5
636595H;2017;17.9
636596H;2017;18.3
636597H;2017;17.4
636597H;2017;16.9
939550H;2017;16.4
939551H;2017;17.9
939552H;2017;16.9
939553H;2017;17.3
939554H;2017;16.6
939599H;2017;16.5
939600H;2017;16.1
939600H;2017;16
211876H;2018;17.1
211876H;2018;17.4
211900H;2018;15.8
211900H;2018;15.3
211900H;2018;16.1
291738H;2018;17.8
291778H;2018;17.8
291862H;2018;17.3
291883H;2018;18.4
291886H;2018;16.5
291886H;2018;16.3
291886H;2018;16.5
291887H;2018;16.8
291887H;2018;16.9
291889H;2018;15.8
291889H;2018;15.9
291892H;2018;17.1
346086H;2018;17
377463V;2018;16.9
377463V;2018;16.8
443065V;2018;17.3
443121V;2018;16.6
505222V;2018;16.8
505342V;2018;18.2
505342V;2018;17.8
505694V;2018;17.1
505694V;2018;17.2
505744V;2018;17.1
560071V;2018;17.7
560078V;2018;16.7
560078V;2018;16.9
560078V;2018;16.7
560320V;2018;15.9
560320V;2018;15.9
560477V;2018;17.3
560477V;2018;17.6
560495V;2018;16.4
560495V;2018;16.3
560495V;2018;16.6
560495V;2018;16.4
560498V;2018;17.6
560499V;2018;17.1
560587V;2018;17
560587V;2018;17
560595V;2018;17.6
560669V;2018;17.1
560703V;2018;17.3
560730V;2018;17.7
560741V;2018;17.7
561013V;2018;16.8
561090V;2018;16.8
561090V;2018;16.9
561090V;2018;17
634025V;2018;16.7
634031V;2018;17.1
634031V;2018;17.1
634033V;2018;17.4
634042V;2018;16
634044V;2018;17.2
634094V;2018;17.7
634099V;2018;17.9
634159V;2018;17.2
634161V;2018;17.2
634172V;2018;17.4
634248V;2018;16.3
634254V;2018;16.4
634270V;2018;16.3
634276V;2018;17.8
634300V;2018;17.3
634326V;2018;16.5
634329V;2018;16.3
634337V;2018;16.9
634337V;2018;16.8
634356V;2018;16.6
634358V;2018;17.1
634395V;2018;17.85
634774V;2018;17.1
634780V;2018;16.1
634783V;2018;
634783V;2018;16.6
636413H;2018;16.8
636416H;2018;17.1
636418H;2018;16.7
636418H;2018;16.7
636425H;2018;17.7
636434H;2018;17.4
636436H;2018;17.9
636441H;2018;16.6
636449H;2018;15.7
636450H;2018;17.3
636450H;2018;17.3
636450H;2018;17.3
636453H;2018;15.9
636456H;2018;17.7
636463H;2018;17.2
636470H;2018;17.6
636471H;2018;17.1
636478H;2018;16.5
636478H;2018;16.2
636479H;2018;18.2
636479H;2018;16.9
636480H;2018;16.7
636480H;2018;16.3
636480H;2018;16.5
636485H;2018;17.2
636486H;2018;17.5
636488H;2018;16.1
636488H;2018;16.5
636489H;2018;16.6
636489H;2018;16.5
636490H;2018;17.2
636493H;2018;16.7
636493H;2018;16.5
636493H;2018;16.6
636494H;2018;16.9
636494H;2018;17.1
636494H;2018;16.7
636495H;2018;15.9
636495H;2018;16.4
636496H;2018;17
636497H;2018;16.3
636498H;2018;17.1
636499H;2018;17
636500H;2018;16.7
636502H;2018;16.5
636509H;2018;
636509H;2018;17.7
636509H;2018;17.6
636510H;2018;17.6
636511H;2018;17.8
636512H;2018;17.9
636514H;2018;17.5
636515H;2018;17.5
636517H;2018;17.1
636517H;2018;17.1
636518H;2018;17
636519H;2018;17.9
636520H;2018;17
636521H;2018;16.7
636522H;2018;16.9
636523H;2018;16.6
636524H;2018;16
636525H;2018;17.3
636526H;2018;16.5
636527H;2018;
636550H;2018;16.7
636553H;2018;13.7
636553H;2018;16.8
636559H;2018;17
636564H;2018;17.4
636566H;2018;16.3
636566H;2018;16.5
636566H;2018;16.6
636567H;2018;17.2
636567H;2018;17.1
636569H;2018;16.7
636571H;2018;17.2
636571H;2018;16.8
636572H;2018;17.3
636578H;2018;16.8
636578H;2018;17
636579H;2018;16.8
636579H;2018;16.5
636580H;2018;17.3
636580H;2018;17.4
636581H;2018;18.5
636584H;2018;17.6
636589H;2018;16.4
636592H;2018;16.4
636597H;2018;16.8
636597H;2018;17.1
636597H;2018;16.8
636599H;2018;17.4
636599H;2018;17.4
639599H;2018;16.5
805409V;2018;17.6
805419V;2018;16.7
805423V;2018;17.7
805431V;2018;16.9
805431V;2018;16.3
805442V;2018;17.2
805442V;2018;16.6
805522V;2018;17.4
805529V;2018;17.5
805534V;2018;17.7
805537V;2018;17
805538V;2018;16.9
805538V;2018;16.9
805703V;2018;16.9
805716V;2018;16.7
805722V;2018;16.6
805730V;2018;16.9
805730V;2018;16.6
805733V;2018;16.9
805735V;2018;17.1
805735V;2018;16.4
805735V;2018;17.5
805737V;2018;17.4
805739V;2018;17.2
805742V;2018;16.9
850261H;2018;16.6
939504H;2018;
939507H;2018;18
939508H;2018;16.9
939509H;2018;16.7
939509H;2018;16.6
939510H;2018;17.4
939511H;2018;17.2
939512H;2018;17.3
939513H;2018;16.1
939514H;2018;17.4
939515H;2018;15.7
939516H;2018;17.2
939516H;2018;17.3
939517H;2018;17.3
939518H;2018;16.9
939519H;2018;17.6
939520H;2018;17.6
939521H;2018;17.3
939522H;2018;17.4
939522H;2018;17.7
939523H;2018;17.1
939523H;2018;17.1
939524H;2018;16.4
939524H;2018;16.4
939525H;2018;17.1
939526H;2018;16.7
939527H;2018;17.3
939528H;2018;17.1
939529H;2018;16.7
939530H;2018;17.1
939531H;2018;16.8
939533H;2018;16.1
939533H;2018;16.1
939533H;2018;16
939534H;2018;16.3
939534H;2018;16.4
939535H;2018;16.6
939535H;2018;16.4
939535H;2018;16.4
939536H;2018;16.8
939537H;2018;16.3
939537H;2018;16.4
939538H;2018;16.9
939539H;2018;17.4
939539H;2018;17.5
939540H;2018;17.4
939540H;2018;17.3
939541H;2018;16.6
939542H;2018;17
939542H;2018;17
939543H;2018;16.6
939543H;2018;16.6
939552H;2018;17
939553H;2018;17.4
939554H;2018;16.8
939556H;2018;16.5
939556H;2018;16.2
939556H;2018;16
939557H;2018;16.9
939557H;2018;16.8
939560H;2018;17.5
939561H;2018;16.7
939561H;2018;16.2
939563H;2018;17.3
939564H;2018;17.1
939564H;2018;16.9
939565H;2018;16.8
939565H;2018;17.3
939566H;2018;16.2
939566H;2018;16.4
939567H;2018;16.4
939568H;2018;17.7
939569H;2018;16.4
939570H;2018;16.3
939570H;2018;16.1
939571H;2018;12.19
939572H;2018;17.9
939573H;2018;17
939573H;2018;16.6
939574H;2018;18.1
939575H;2018;17.2
939576H;2018;16.9
939577H;2018;17.2
939578H;2018;16.6
939579H;2018;18
939580H;2018;17.9
939581H;2018;18.01
939582H;2018;17.7
939583H;2018;16.5
939584H;2018;16.7
939584H;2018;16.6
939584H;2018;16.9
939593H;2018;16
HA70701;2018;15.9
HA70702;2018;17.7
HA70703;2018;15.6
HA70704;2018;17.2
939504H;2019;16.6
